1.1104e-28,1.1157e-28,4.2312e-29,8.5451e-29,3.2509e-29,3.2425e-29,7.5907e-29,7.4923e-29,1.5104e-28,4.4088e-29,3.24e-29,2.1064e-28,1.8057e-26,1.5158e-29,2.1786e-29,1.1643e-29,2.1221e-07,2.0734e-07,1.1458e-23,8.466e-24,3.1644e-06,3.1261e-06,6.3454e-29,6.1376e-29,4.3306e-27,4.1792e-27,6.8504e-33,6.9313e-33,4.2661e-06,4.2682e-06,1.97e-06,1.991e-06,1.4209e-06,1.501e-06,3.9867e-06,4.009e-06,5.3547e-28,9.1305e-26,7.8344e-28,2.4679e-27,1.9237e-27,1.8238e-27,1.2487e-27,3.3626e-27,1.811e-28,2.5605e-26,1.5003e-13,7.0196e-26,3.1238e-28,2.0471e-28
0.00010851,0.00010851,0.00010481,0.00010481,9.8825e-05,9.8825e-05,8.865e-05,8.865e-05,2.1771e-05,2.1771e-05,1.9967e-05,1.9967e-05,1.7792e-05,1.7792e-05,1.5177e-05,1.5177e-05,6.5485e-05,6.5485e-05,6.9473e-05,6.9473e-05,5.1907e-05,5.1907e-05,0.0001066,0.0001066,6.4115e-05,6.4115e-05,0.00013373,0.00013373,3.8072e-28,3.8072e-28,5.0488e-28,5.0488e-28,4.9623e-29,4.9625e-29,0.0001838,0.0001838,9.1993e-05,9.1993e-05,9.2618e-05,9.2618e-05,6.5549e-05,6.5549e-05,1.6306e-05,1.6306e-05,1.5582e-05,1.5582e-05,4.5903e-07,4.5903e-07,9.7849e-29,9.7849e-29
0.00017309,0.00017309,0.00016712,0.00016712,0.00015742,0.00015742,0.00014089,0.00014089,3.6399e-05,3.6399e-05,3.3367e-05,3.3367e-05,2.9713e-05,2.9713e-05,2.5319e-05,2.5319e-05,0.00011647,0.00011647,0.00011506,0.00011506,9.2456e-05,9.2456e-05,0.00017692,0.00017692,0.00011149,0.00011149,0.00023432,0.00023432,1.0938e-23,1.0939e-23,1.6859e-21,1.6858e-21,1.3816e-24,1.3369e-24,0.00033611,0.00033611,0.0001499,0.0001499,0.00015168,0.00015168,0.00010555,0.00010555,2.0885e-05,2.0885e-05,2.2812e-05,2.2812e-05,6.88e-19,1.0186e-18,1.0679e-24,9.5089e-25
0.00022001,0.00022001,0.00021244,0.00021244,0.0002001,0.0002001,0.00017895,0.00017895,4.8606e-05,4.8606e-05,4.4624e-05,4.4624e-05,3.982e-05,3.982e-05,3.4037e-05,3.4037e-05,0.00015857,0.00015857,0.00015176,0.00015176,0.00012439,0.00012439,0.00023568,0.00023568,0.00015291,0.00015291,0.0003209,0.0003209,1.2124e-20,1.2124e-20,6.7007e-20,6.6982e-20,1.5609e-21,1.6753e-21,0.00045342,0.00045342,0.00018331,0.00018331,0.00018964,0.00018964,0.0001382,0.0001382,4.0528e-05,4.0528e-05,3.7995e-05,3.7995e-05,9.017e-06,9.017e-06,3.0717e-21,3.1493e-21
0.00025386,0.00025386,0.00024517,0.00024517,0.00023093,0.00023093,0.00020644,0.00020644,5.9133e-05,5.9133e-05,5.4397e-05,5.4397e-05,4.8674e-05,4.8674e-05,4.1778e-05,4.1778e-05,0.00019463,0.00019463,0.00018217,0.00018217,0.00015053,0.00015053,0.00028636,0.00028636,0.00019035,0.00019035,0.00039801,0.00039801,4.3613e-18,4.3613e-18,9.7937e-15,9.7937e-15,5.5543e-19,5.5543e-19,0.00053373,0.00053373,0.00019605,0.00019605,0.00020953,0.00020953,0.0001646,0.0001646,7.3494e-05,7.3494e-05,6.0064e-05,6.0064e-05,3.4577e-05,3.4577e-05,1.3422e-18,1.3422e-18
0.00027966,0.00027966,0.00027011,0.00027011,0.0002544,0.0002544,0.00022733,0.00022733,6.876e-05,6.876e-05,6.3377e-05,6.3377e-05,5.6866e-05,5.6866e-05,4.9009e-05,4.9009e-05,0.00022767,0.00022767,0.00020904,0.00020904,0.00017375,0.00017375,0.00033263,0.00033263,0.00022591,0.00022591,0.00047042,0.00047042,2.4244e-30,2.4253e-30,3.7716e-28,3.8772e-29,2.1903e-31,4.7456e-32,0.00057138,0.00057138,0.00018629,0.00018629,0.00021036,0.00021036,0.00018639,0.00018639,0.00012562,0.00012562,9.2391e-05,9.2391e-05,7.8467e-05,7.8467e-05,2.6387e-30,1.3731e-30
0.00030251,0.00030251,0.00029214,0.00029214,0.0002751,0.0002751,0.0002457,0.0002457,7.8267e-05,7.8267e-05,7.2259e-05,7.2259e-05,6.4983e-05,6.4983e-05,5.6195e-05,5.6195e-05,0.00026069,0.00026069,0.00023512,0.00023512,0.00019693,0.00019693,0.00037817,0.00037817,0.00026169,0.00026169,0.00054298,0.00054298,4.0383e-20,4.0386e-20,1.1378e-19,1.1371e-19,7.4484e-21,7.3024e-21,0.00056035,0.00056035,0.00015264,0.00015264,0.00019136,0.00019136,0.00020487,0.00020487,0.00020157,0.00020157,0.00013762,0.00013762,0.00014449,0.00014449,3.3293e-19,2.074e-19
0.00032756,0.00032756,0.00031623,0.00031623,0.00029763,0.00029763,0.00026563,0.00026563,8.843e-05,8.843e-05,8.1729e-05,8.1729e-05,7.3612e-05,7.3612e-05,6.38e-05,6.38e-05,0.00029668,0.00029668,0.0002632,0.0002632,0.00022286,0.00022286,0.00042666,0.00042666,0.00029978,0.00029978,0.00062051,0.00062051,1.6072e-18,1.6072e-18,3.8042e-15,3.8042e-15,3.1854e-19,3.1854e-19,0.00049742,0.00049742,9.839e-05,9.839e-05,0.00015541,0.00015541,0.00022192,0.00022192,0.00030172,0.00030172,0.00019593,0.00019593,0.0002323,0.0002323,5.0849e-06,5.0849e-06
0.00035993,0.00035993,0.00034728,0.00034728,0.00032662,0.00032662,0.00029121,0.00029121,0.00010002,0.00010002,9.2471e-05,9.2471e-05,8.333e-05,8.333e-05,7.2281e-05,7.2281e-05,0.00033858,0.00033858,0.00029599,0.00029599,0.00025433,0.00025433,0.00048173,0.00048173,0.00034227,0.00034227,0.00070778,0.00070778,1.1318e-16,1.1318e-16,8.7316e-16,8.7318e-16,6.6184e-17,6.6184e-17,0.00043463,0.00043463,0.00010726,0.00010726,0.00016836,0.00016836,0.00024956,0.00024956,0.00035376,0.00035376,0.0002259,0.0002259,0.00027076,0.00027076,0.00011024,0.00011024
0.00040461,0.00040461,0.0003901,0.0003901,0.00036654,0.00036654,0.00032641,0.00032641,0.00011378,0.00011378,0.00010515,0.00010515,9.4704e-05,9.4704e-05,8.2084e-05,8.2084e-05,0.00038921,0.00038921,0.00033619,0.00033619,0.00029403,0.00029403,0.00054695,0.00054695,0.00039116,0.00039116,0.00080941,0.00080941,3.9357e-31,3.2653e-31,1.6257e-28,1.6258e-28,8.104e-32,8.104e-32,0.00032582,0.00032582,0.00011957,0.00011957,0.00018381,0.00018381,0.00028162,0.00028162,0.00041472,0.00041472,0.0002602,0.0002602,0.00031479,0.00031479,0.00025001,0.00025001
0.0004664,0.0004664,0.00044927,0.00044927,0.00042169,0.00042169,0.00037503,0.00037503,0.00013045,0.00013045,0.00012042,0.00012042,0.00010828,0.00010828,9.3643e-05,9.3643e-05,0.00045125,0.00045125,0.00038638,0.00038638,0.00034451,0.00034451,0.00062578,0.00062578,0.0004484,0.0004484,0.00092984,0.00092984,8.439e-31,5.7473e-31,5.8232e-28,5.8232e-28,1.7351e-31,2.4765e-31,0.000166,0.000166,0.00013662,0.00013662,0.00020306,0.00020306,0.0003196,0.0003196,0.0004865,0.0004865,0.00029992,0.00029992,0.00036557,0.00036557,0.00042692,0.00042692
0.00055064,0.00055064,0.00052991,0.00052991,0.00049681,0.00049681,0.00044125,0.00044125,0.00015087,0.00015087,0.00013901,0.00013901,0.0001247,0.0001247,0.00010746,0.00010746,0.00052768,0.00052768,0.00044952,0.00044952,0.00040863,0.00040863,0.00072221,0.00072221,0.00051619,0.00051619,0.001074,0.001074,1.7436e-20,1.7436e-20,4.8436e-18,4.8437e-18,2.4672e-19,2.4673e-19,2.1126e-21,2.1127e-21,0.00024034,0.00024034,0.00027062,0.00027062,0.00036472,0.00036472,0.00052181,0.00052181,0.00030633,0.00030633,0.00036199,0.00036199,0.00071855,0.00071855
0.00065395,0.00065395,0.0006279,0.0006279,0.00058688,0.00058688,0.00051889,0.00051889,0.00018102,0.00018102,0.00016626,0.00016626,0.00014849,0.00014849,0.00012713,0.00012713,0.00066814,0.00066814,0.00054074,0.00054074,0.00053018,0.00053018,0.00085878,0.00085878,0.00062845,0.00062845,0.0013211,0.0013211,1.8247e-30,2.0965e-30,4.4637e-27,3.7683e-27,0.00015096,0.00015096,9.4704e-31,1.1301e-30,0.00040163,0.00040163,0.00039664,0.00039664,0.00046675,0.00046675,0.00061171,0.00061171,0.00034576,0.00034576,0.00039102,0.00039102,0.0010133,0.0010133
0.00079301,0.00079301,0.00075974,0.00075974,0.000708,0.000708,0.00062328,0.00062328,0.00021923,0.00021923,0.00020065,0.00020065,0.00017835,0.00017835,0.0001516,0.0001516,0.00084807,0.00084807,0.00065805,0.00065805,0.00068865,0.00068865,0.0010312,0.0010312,0.0007686,0.0007686,0.0016319,0.0016319,7.3897e-18,7.3897e-18,1.7474e-14,1.7474e-14,0.00035656,0.00035656,3.5387e-18,3.5387e-18,0.00054159,0.00054159,0.00052484,0.00052484,0.00059869,0.00059869,0.00076368,0.00076368,0.00042833,0.00042833,0.00047787,0.00047787,0.0012811,0.0012811
0.00097443,0.00097443,0.00093184,0.00093184,0.00086633,0.00086633,0.00076006,0.00076006,0.00026592,0.00026592,0.0002426,0.0002426,0.00021466,0.00021466,0.00018123,0.00018123,0.0010634,0.0010634,0.00080333,0.00080333,0.00088029,0.00088029,0.0012426,0.0012426,0.00093514,0.00093514,0.0020018,0.0020018,1.702e-31,1.5296e-31,6.7995e-29,6.246e-29,0.00059276,0.00059276,3.1673e-32,3.4587e-32,0.00070842,0.00070842,0.00067732,0.00067732,0.00075395,0.00075395,0.00093998,0.00093998,0.00052386,0.00052386,0.00057753,0.00057753,0.0015876,0.0015876
0.001203,0.001203,0.0011488,0.0011488,0.0010661,0.0010661,0.00093287,0.00093287,0.00032216,0.00032216,0.00029305,0.00029305,0.00025825,0.00025825,0.00021669,0.00021669,0.0013169,0.0013169,0.00097996,0.00097996,0.0011074,0.0011074,0.0014981,0.0014981,0.0011311,0.0011311,0.002437,0.002437,5.0338e-18,5.0338e-18,9.1658e-15,9.1658e-15,0.00085988,0.00085988,1.9037e-18,1.9037e-18,0.00090252,0.00090252,0.00085458,0.00085458,0.00093357,0.00093357,0.0011426,0.0011426,0.00063342,0.00063342,0.00069138,0.00069138,0.0019374,0.0019374
0.0014824,0.0014824,0.0014141,0.0014141,0.0013104,0.0013104,0.0011443,0.0011443,0.00038866,0.00038866,0.00035266,0.00035266,0.00030969,0.00030969,0.00025845,0.00025845,0.0016105,0.0016105,0.0011903,0.0011903,0.0013711,0.0013711,0.0018013,0.0018013,0.0013585,0.0013585,0.0029421,0.0029421,6.6258e-31,6.6258e-31,8.6412e-28,8.6412e-28,0.0011571,0.0011571,2.6862e-31,2.2093e-31,0.0011248,0.0011248,0.0010574,0.0010574,0.0011382,0.0011382,0.001372,0.001372,0.00075723,0.00075723,0.00081955,0.00081955,0.0023309,0.0023309
0.0018171,0.0018171,0.0017318,0.0017318,0.0016031,0.0016031,0.0013974,0.0013974,0.00046525,0.00046525,0.00042118,0.00042118,0.00036866,0.00036866,0.00030611,0.00030611,0.0019441,0.0019441,0.0014351,0.0014351,0.0016714,0.0016714,0.0021515,0.0021515,0.0016161,0.0016161,0.0035157,0.0035157,8.3726e-30,7.2378e-30,3.8756e-27,4.6106e-27,0.0014776,0.0014776,1.0594e-30,1.0594e-30,0.0013807,0.0013807,0.0012899,0.0012899,0.0013678,0.0013678,0.001622,0.001622,0.0008917,0.0008917,0.0009562,0.0009562,0.0027472,0.0027472
0.0022012,0.0022012,0.0020966,0.0020966,0.001939,0.001939,0.0016872,0.0016872,0.00055177,0.00055177,0.00049853,0.00049853,0.00043514,0.00043514,0.00035972,0.00035972,0.0023157,0.0023157,0.0017128,0.0017128,0.002005,0.002005,0.0025483,0.0025483,0.0019048,0.0019048,0.0041584,0.0041584,8.3823e-30,6.0892e-30,7.9453e-28,7.9453e-28,0.0018214,0.0018214,2.3418e-31,1.8538e-31,0.0016652,0.0016652,0.0015477,0.0015477,0.0016203,0.0016203,0.0018935,0.0018935,0.0010375,0.0010375,0.0011031,0.0011031,0.003195,0.003195
0.0012166,0.0012166,0.0011594,0.0011594,0.0010731,0.0010731,0.00093476,0.00093476,0.00070609,0.00070609,0.00066102,0.00066102,0.00060633,0.00060633,0.00053993,0.00053993,0.0024483,0.0024483,0.0018445,0.0018445,0.0017218,0.0017218,0.0033311,0.0033311,0.0027059,0.0027059,0.0054058,0.0054058,9.7632e-30,9.7632e-30,3.3696e-28,3.3696e-28,0.0018902,0.0018902,1.5373e-26,1.5373e-26,0.002427,0.002427,0.0021278,0.0021278,0.0018583,0.0018583,0.0016551,0.0016551,0.00086993,0.00086993,0.00075392,0.00075392,0.0023656,0.0023656
0.0014151,0.0014151,0.0013481,0.0013481,0.0012469,0.0012469,0.0010846,0.0010846,0.00082311,0.00082311,0.00077045,0.00077045,0.00070658,0.00070658,0.00062909,0.00062909,0.0028322,0.0028322,0.0021485,0.0021485,0.0019821,0.0019821,0.0038812,0.0038812,0.0031475,0.0031475,0.0062831,0.0062831,7.9082e-30,7.9082e-30,2.177e-29,2.177e-29,0.0021996,0.0021996,2.4235e-26,2.4235e-26,0.002802,0.002802,0.0024536,0.0024536,0.0021398,0.0021398,0.0019028,0.0019028,0.00099711,0.00099711,0.00086166,0.00086166,0.0027418,0.0027418
0.00362,0.00362,0.0034428,0.0034428,0.0031753,0.0031753,0.0027464,0.0027464,0.00086827,0.00086827,0.00078106,0.00078106,0.00067746,0.00067746,0.00055444,0.00055444,0.0036438,0.0036438,0.0027338,0.0027338,0.0031782,0.0031782,0.0040076,0.0040076,0.002957,0.002957,0.006498,0.006498,8.8928e-24,8.8937e-24,1.2864e-23,1.287e-23,0.0029815,0.0029815,1.4398e-23,2.1596e-23,0.0026706,0.0026706,0.0024547,0.0024547,0.0024973,0.0024973,0.0028209,0.0028209,0.0015326,0.0015326,0.0015954,0.0015954,0.0047167,0.0047167
0.0041628,0.0041628,0.003957,0.003957,0.0036458,0.0036458,0.0031453,0.0031453,0.00099032,0.00099032,0.00088987,0.00088987,0.00077059,0.00077059,0.00062902,0.00062902,0.0041477,0.0041477,0.0031283,0.0031283,0.0036122,0.0036122,0.0045731,0.0045731,0.0033667,0.0033667,0.0074071,0.0074071,1.7644e-23,1.7644e-23,1.7728e-23,1.7729e-23,0.0034027,0.0034027,2.6319e-22,2.6319e-22,0.0030493,0.0030493,0.0027945,0.0027945,0.0028218,0.0028218,0.0031588,0.0031588,0.001712,0.001712,0.0017713,0.0017713,0.0052735,0.0052735
0.0047244,0.0047244,0.0044885,0.0044885,0.0041307,0.0041307,0.0035535,0.0035535,0.0011183,0.0011183,0.0010039,0.0010039,0.00086812,0.00086812,0.00070698,0.00070698,0.0046737,0.0046737,0.0035421,0.0035421,0.004057,0.004057,0.0051675,0.0051675,0.0038013,0.0038013,0.0083706,0.0083706,1.5869e-31,1.9637e-31,4.1666e-28,4.1666e-28,0.0038375,0.0038375,9.234e-32,7.9497e-32,0.0034438,0.0034438,0.0031472,0.0031472,0.003157,0.003157,0.003506,0.003506,0.0018955,0.0018955,0.0019502,0.0019502,0.0058514,0.0058514
0.0052953,0.0052953,0.0050281,0.0050281,0.0046214,0.0046214,0.0039631,0.0039631,0.001251,0.001251,0.001122,0.001122,0.00096901,0.00096901,0.00078748,0.00078748,0.0052167,0.0052167,0.0039701,0.0039701,0.0045069,0.0045069,0.0057841,0.0057841,0.0042578,0.0042578,0.0093811,0.0093811,1.5913e-30,1.5913e-30,2.8514e-27,2.4503e-27,0.004286,0.004286,3.4923e-29,3.1611e-29,0.0038503,0.0038503,0.0035093,0.0035093,0.0034995,0.0034995,0.0038594,0.0038594,0.0020815,0.0020815,0.0021304,0.0021304,0.0064486,0.0064486
0.0058672,0.0058672,0.0055678,0.0055678,0.0051105,0.0051105,0.0043676,0.0043676,0.001387,0.001387,0.0012431,0.0012431,0.0010723,0.0010723,0.00086977,0.00086977,0.0057718,0.0057718,0.004408,0.004408,0.0049568,0.0049568,0.006417,0.006417,0.0047331,0.0047331,0.010432,0.010432,1.1647e-31,1.9266e-31,8.4738e-29,8.3308e-29,0.0047476,0.0047476,8.2701e-30,4.933e-30,0.0042653,0.0042653,0.0038776,0.0038776,0.0038465,0.0038465,0.0042162,0.0042162,0.0022682,0.0022682,0.0023105,0.0023105,0.0070628,0.0070628
0.0064327,0.0064327,0.0061006,0.0061006,0.0055914,0.0055914,0.0047612,0.0047612,0.0015253,0.0015253,0.0013661,0.0013661,0.0011772,0.0011772,0.00095319,0.00095319,0.0063349,0.0063349,0.0048519,0.0048519,0.0054022,0.0054022,0.0070606,0.0070606,0.0052244,0.0052244,0.011518,0.011518,3.707e-31,3.707e-31,8.9612e-29,8.961e-29,0.005221,0.005221,5.4364e-30,5.4364e-30,0.0046861,0.0046861,0.0042494,0.0042494,0.0041952,0.0041952,0.0045739,0.0045739,0.0024544,0.0024544,0.002489,0.002489,0.007692,0.007692
0.0069846,0.0069846,0.0066198,0.0066198,0.006058,0.006058,0.0051386,0.0051386,0.0016648,0.0016648,0.0014901,0.0014901,0.0012828,0.0012828,0.001037,0.001037,0.0069024,0.0069024,0.0052979,0.0052979,0.0058385,0.0058385,0.0077092,0.0077092,0.0057291,0.0057291,0.012632,0.012632,4.4836e-31,6.0243e-31,1.0659e-27,1.0659e-27,0.0057039,0.0057039,2.4618e-29,2.1253e-29,0.0051109,0.0051109,0.0046229,0.0046229,0.0045439,0.0045439,0.0049308,0.0049308,0.0026388,0.0026388,0.0026648,0.0026648,0.0083359,0.0083359
0.0075171,0.0075171,0.0071196,0.0071196,0.0065051,0.0065051,0.0054956,0.0054956,0.0018044,0.0018044,0.0016142,0.0016142,0.0013883,0.0013883,0.0011206,0.0011206,0.0074709,0.0074709,0.0057423,0.0057423,0.006262,0.006262,0.0083574,0.0083574,0.0062442,0.0062442,0.013769,0.013769,1.4982e-19,1.4982e-19,1.8515e-16,1.8515e-16,0.0061984,0.0061984,7.8998e-18,7.8998e-18,0.0055392,0.0055392,0.0049973,0.0049973,0.0048916,0.0048916,0.0052853,0.0052853,0.0028204,0.0028204,0.0028367,0.0028367,0.008993,0.008993
0.0080249,0.0080249,0.0075952,0.0075952,0.0069283,0.0069283,0.0058289,0.0058289,0.001943,0.001943,0.0017372,0.0017372,0.0014929,0.0014929,0.0012033,0.0012033,0.0080374,0.0080374,0.0061817,0.0061817,0.0066697,0.0066697,0.0089997,0.0089997,0.0067665,0.0067665,0.014922,0.014922,5.9027e-29,5.4087e-29,1.2614e-25,1.2611e-25,0.0067084,0.0067084,2.0667e-28,2.3375e-28,0.0059713,0.0059713,0.0053726,0.0053726,0.0052376,0.0052376,0.0056361,0.0056361,0.0029984,0.0029984,0.0030035,0.0030035,0.0096619,0.0096619
0.0085033,0.0085033,0.0080424,0.0080424,0.007324,0.007324,0.0061358,0.0061358,0.0020798,0.0020798,0.0018586,0.0018586,0.001596,0.001596,0.0012846,0.0012846,0.0085991,0.0085991,0.0066128,0.0066128,0.0070586,0.0070586,0.0096312,0.0096312,0.0072933,0.0072933,0.016086,0.016086,6.3544e-34,6.3587e-34,1.0013e-30,6.0607e-31,0.0072368,0.0072368,9.7553e-34,5.515e-34,0.0064076,0.0064076,0.005749,0.005749,0.0055816,0.0055816,0.0059821,0.0059821,0.0031721,0.0031721,0.0031644,0.0031644,0.010341,0.010341
0.0089486,0.0089486,0.0084576,0.0084576,0.0076893,0.0076893,0.0064144,0.0064144,0.0022138,0.0022138,0.0019774,0.0019774,0.0016967,0.0016967,0.001364,0.001364,0.0091538,0.0091538,0.0070328,0.0070328,0.0074262,0.0074262,0.010248,0.010248,0.0078217,0.0078217,0.017255,0.017255,1.6311e-30,1.939e-30,3.225e-27,3.2239e-27,0.0077867,0.0077867,2.4631e-30,2.7408e-30,0.0068488,0.0068488,0.0061267,0.0061267,0.0059234,0.0059234,0.0063227,0.0063227,0.0033409,0.0033409,0.0033186,0.0033186,0.011029,0.011029
0.0093583,0.0093583,0.0088385,0.0088385,0.0080221,0.0080221,0.0066635,0.0066635,0.0023442,0.0023442,0.002093,0.002093,0.0017946,0.0017946,0.0014408,0.0014408,0.0096992,0.0096992,0.0074397,0.0074397,0.0077702,0.0077702,0.010845,0.010845,0.0083495,0.0083495,0.018425,0.018425,6.3327e-31,5.4564e-31,1.0614e-27,1.0481e-27,0.0083667,0.0083667,9.2502e-31,6.382e-31,0.007295,0.007295,0.0065059,0.0065059,0.0062631,0.0062631,0.0066575,0.0066575,0.0035043,0.0035043,0.0034655,0.0034655,0.011727,0.011727
0.009732,0.009732,0.009185,0.009185,0.0083226,0.0083226,0.0068833,0.0068833,0.0024706,0.0024706,0.0022048,0.0022048,0.0018891,0.0018891,0.0015147,0.0015147,0.010235,0.010235,0.0078325,0.0078325,0.0080908,0.0080908,0.011421,0.011421,0.0088746,0.0088746,0.019593,0.019593,1.5446e-22,1.5446e-22,3.2932e-19,3.2932e-19,0.0089899,0.0089899,3.5442e-22,3.5442e-22,0.0077483,0.0077483,0.0068881,0.0068881,0.0066012,0.0066012,0.006986,0.006986,0.0036621,0.0036621,0.0036041,0.0036041,0.012431,0.012431
0.01007,0.01007,0.0094974,0.0094974,0.0085911,0.0085911,0.0070748,0.0070748,0.0025924,0.0025924,0.0023124,0.0023124,0.0019797,0.0019797,0.0015852,0.0015852,0.010761,0.010761,0.0082104,0.0082104,0.0083894,0.0083894,0.011974,0.011974,0.0093958,0.0093958,0.020756,0.020756,3.7752e-31,4.531e-31,6.4213e-28,1.0428e-27,0.009662,0.009662,7.1212e-31,9.2478e-31,0.0082106,0.0082106,0.0072749,0.0072749,0.0069387,0.0069387,0.0073083,0.0073083,0.0038142,0.0038142,0.0037342,0.0037342,0.01314,0.01314
0.010374,0.010374,0.0097765,0.0097765,0.0088286,0.0088286,0.0072389,0.0072389,0.0027089,0.0027089,0.0024151,0.0024151,0.0020658,0.0020658,0.0016517,0.0016517,0.011277,0.011277,0.0085725,0.0085725,0.0086684,0.0086684,0.012499,0.012499,0.0099116,0.0099116,0.021913,0.021913,4.8885e-31,5.6387e-31,1.2868e-27,1.4854e-27,0.010387,0.010387,1.4977e-30,1.4977e-30,0.0086835,0.0086835,0.0076677,0.0076677,0.0072768,0.0072768,0.0076247,0.0076247,0.0039606,0.0039606,0.0038556,0.0038556,0.013852,0.013852
0.010642,0.010642,0.010023,0.010023,0.0090354,0.0090354,0.0073761,0.0073761,0.0028195,0.0028195,0.0025123,0.0025123,0.0021468,0.0021468,0.0017135,0.0017135,0.011783,0.011783,0.0089179,0.0089179,0.0089304,0.0089304,0.012996,0.012996,0.01042,0.01042,0.02306,0.02306,2.4012e-31,2.4012e-31,5.6512e-28,3.6832e-28,0.011172,0.011172,7.0915e-31,7.0915e-31,0.0091684,0.0091684,0.0080679,0.0080679,0.0076162,0.0076162,0.0079355,0.0079355,0.0041016,0.0041016,0.0039682,0.0039682,0.014565,0.014565
0.010877,0.010877,0.010236,0.010236,0.0092114,0.0092114,0.0074864,0.0074864,0.002923,0.002923,0.0026026,0.0026026,0.0022215,0.0022215,0.0017697,0.0017697,0.012274,0.012274,0.0092445,0.0092445,0.0091781,0.0091781,0.013458,0.013458,0.010917,0.010917,0.024188,0.024188,1.778e-19,1.778e-19,4.3043e-16,4.3043e-16,0.012025,0.012025,5.8865e-19,5.8865e-19,0.0096649,0.0096649,0.0084752,0.0084752,0.0079567,0.0079567,0.0082399,0.0082399,0.0042369,0.0042369,0.0040714,0.0040714,0.015275,0.015275
0.01108,0.01108,0.010419,0.010419,0.009359,0.009359,0.0075718,0.0075718,0.0030187,0.0030187,0.0026856,0.0026856,0.0022893,0.0022893,0.0018195,0.0018195,0.012749,0.012749,0.0095522,0.0095522,0.0094179,0.0094179,0.013885,0.013885,0.011399,0.011399,0.025293,0.025293,1.4095e-19,1.4095e-19,3.5135e-16,3.5135e-16,0.01293,0.01293,5.276e-19,5.276e-19,0.010171,0.010171,0.0088881,0.0088881,0.0082974,0.0082974,0.0085372,0.0085372,0.0043665,0.0043665,0.0041652,0.0041652,0.015974,0.015974
0.011255,0.011255,0.010575,0.010575,0.0094817,0.0094817,0.007635,0.007635,0.0031061,0.0031061,0.0027606,0.0027606,0.0023494,0.0023494,0.0018621,0.0018621,0.013212,0.013212,0.0098418,0.0098418,0.0096568,0.0096568,0.014274,0.014274,0.011865,0.011865,0.026371,0.026371,1.5614e-19,1.5614e-19,3.6302e-16,3.6302e-16,0.013865,0.013865,1.187e-19,1.187e-19,0.010682,0.010682,0.0093041,0.0093041,0.0086367,0.0086367,0.0088267,0.0088267,0.0044903,0.0044903,0.0042502,0.0042502,0.016659,0.016659
0.011408,0.011408,0.010709,0.010709,0.0095831,0.0095831,0.0076788,0.0076788,0.0031849,0.0031849,0.0028272,0.0028272,0.0024014,0.0024014,0.0018968,0.0018968,0.013665,0.013665,0.010114,0.010114,0.0099015,0.0099015,0.014625,0.014625,0.012313,0.012313,0.02742,0.02742,1.8379e-19,1.7515e-19,5.194e-16,2.8196e-16,0.014812,0.014812,1.1901e-19,1.0201e-19,0.011196,0.011196,0.0097207,0.0097207,0.0089729,0.0089729,0.0091072,0.0091072,0.0046085,0.0046085,0.0043267,0.0043267,0.017324,0.017324
0.011543,0.011543,0.010825,0.010825,0.0096662,0.0096662,0.0077057,0.0077057,0.0032543,0.0032543,0.0028845,0.0028845,0.0024444,0.0024444,0.0019229,0.0019229,0.014111,0.014111,0.010368,0.010368,0.010158,0.010158,0.014935,0.014935,0.012741,0.012741,0.028432,0.028432,3.4066e-34,3.4066e-34,5.3248e-31,3.4765e-31,0.015758,0.015758,1.5255e-34,1.0192e-34,0.011707,0.011707,0.010135,0.010135,0.009304,0.009304,0.0093781,0.0093781,0.004721,0.004721,0.0043954,0.0043954,0.017964,0.017964
0.011662,0.011662,0.010924,0.010924,0.0097326,0.0097326,0.0077168,0.0077168,0.003313,0.003313,0.0029313,0.0029313,0.0024771,0.0024771,0.0019392,0.0019392,0.014551,0.014551,0.010601,0.010601,0.010434,0.010434,0.015198,0.015198,0.013137,0.013137,0.029384,0.029384,4.3136e-30,4.3963e-30,3.6481e-27,2.6552e-27,0.016703,0.016703,2.2892e-30,1.5775e-30,0.012209,0.012209,0.01054,0.01054,0.0096265,0.0096265,0.0096383,0.0096383,0.004828,0.004828,0.0044577,0.0044577,0.018577,0.018577
0.01177,0.01177,0.011012,0.011012,0.0097867,0.0097867,0.0077152,0.0077152,0.0033611,0.0033611,0.0029677,0.0029677,0.0024996,0.0024996,0.0019455,0.0019455,0.014994,0.014994,0.010813,0.010813,0.010736,0.010736,0.015413,0.015413,0.013497,0.013497,0.030267,0.030267,2.0285e-27,2.0648e-27,6.4833e-24,6.387e-24,0.017643,0.017643,1.1007e-26,1.1007e-26,0.012695,0.012695,0.010933,0.010933,0.0099378,0.0099378,0.0098875,0.0098875,0.0049298,0.0049298,0.004515,0.004515,0.019162,0.019162
0.011874,0.011874,0.011094,0.011094,0.009833,0.009833,0.0077045,0.0077045,0.0033993,0.0033993,0.002994,0.002994,0.002512,0.002512,0.0019418,0.0019418,0.01545,0.01545,0.011005,0.011005,0.011069,0.011069,0.015579,0.015579,0.013819,0.013819,0.031081,0.031081,6.4814e-28,6.3001e-28,1.8439e-24,1.8922e-24,0.018599,0.018599,3.7367e-27,3.6332e-27,0.013167,0.013167,0.011314,0.011314,0.010238,0.010238,0.010124,0.010124,0.0050257,0.0050257,0.0045661,0.0045661,0.019713,0.019713
0.01198,0.01198,0.011176,0.011176,0.0098778,0.0098778,0.0076892,0.0076892,0.0034285,0.0034285,0.003011,0.003011,0.0025148,0.0025148,0.0019285,0.0019285,0.015931,0.015931,0.011179,0.011179,0.011438,0.011438,0.0157,0.0157,0.014102,0.014102,0.031829,0.031829,2.312e-28,2.4027e-28,5.989e-25,6.4748e-25,0.01961,0.01961,1.4174e-27,1.52e-27,0.013623,0.013623,0.011682,0.011682,0.010527,0.010527,0.010349,0.010349,0.0051158,0.0051158,0.0046116,0.0046116,0.020227,0.020227
0.012097,0.012097,0.011266,0.011266,0.009927,0.009927,0.0076735,0.0076735,0.0034499,0.0034499,0.0030197,0.0030197,0.002509,0.002509,0.0019061,0.0019061,0.01645,0.01645,0.011338,0.011338,0.011847,0.011847,0.015774,0.015774,0.014345,0.014345,0.032518,0.032518,1.4452e-20,1.4452e-20,3.1896e-17,3.1896e-17,0.020752,0.020752,9.8799e-20,9.8799e-20,0.014056,0.014056,0.012031,0.012031,0.0108,0.0108,0.010559,0.010559,0.0051999,0.0051999,0.0046528,0.0046528,0.020705,0.020705
0.012228,0.012228,0.011367,0.011367,0.0099829,0.0099829,0.007658,0.007658,0.0034656,0.0034656,0.0030221,0.0030221,0.0024962,0.0024962,0.0018759,0.0018759,0.017025,0.017025,0.011481,0.011481,0.012308,0.012308,0.015803,0.015803,0.014547,0.014547,0.033165,0.033165,8.8562e-30,8.4058e-30,1.5692e-26,1.1607e-26,0.021912,0.021912,3.0005e-30,6.3192e-30,0.014449,0.014449,0.012348,0.012348,0.011049,0.011049,0.010755,0.010755,0.0052774,0.0052774,0.004693,0.004693,0.021152,0.021152
0.012375,0.012375,0.011482,0.011482,0.010047,0.010047,0.0076429,0.0076429,0.0034791,0.0034791,0.0030213,0.0030213,0.0024791,0.0024791,0.0018403,0.0018403,0.017676,0.017676,0.011615,0.011615,0.012825,0.012825,0.015795,0.015795,0.01472,0.01472,0.033809,0.033809,1.752e-31,1.8904e-31,2.4224e-28,6.7003e-28,0.022964,0.022964,9.6334e-32,7.6898e-32,0.014807,0.014807,0.012639,0.012639,0.01128,0.01128,0.01094,0.01094,0.0053493,0.0053493,0.0047328,0.0047328,0.021578,0.021578
0.012543,0.012543,0.011613,0.011613,0.010122,0.010122,0.0076279,0.0076279,0.0034945,0.0034945,0.0030209,0.0030209,0.0024608,0.0024608,0.0018018,0.0018018,0.018426,0.018426,0.011751,0.011751,0.013406,0.013406,0.015765,0.015765,0.014887,0.014887,0.034509,0.034509,1.1811e-19,1.1811e-19,2.7907e-16,2.7907e-16,0.023933,0.023933,5.8085e-20,5.8085e-20,0.015148,0.015148,0.012915,0.012915,0.011502,0.011502,0.011122,0.011122,0.0054188,0.0054188,0.0047736,0.0047736,0.022004,0.022004
0.012732,0.012732,0.011763,0.011763,0.010209,0.010209,0.0076122,0.0076122,0.0035162,0.0035162,0.003025,0.003025,0.0024448,0.0024448,0.0017629,0.0017629,0.019298,0.019298,0.0119,0.0119,0.014056,0.014056,0.015729,0.015729,0.015072,0.015072,0.035324,0.035324,1.3098e-26,1.4728e-26,1.1126e-23,7.486e-23,0.024849,0.024849,6.4658e-27,7.4857e-27,0.015491,0.015491,0.013194,0.013194,0.011727,0.011727,0.011312,0.011312,0.0054892,0.0054892,0.0048169,0.0048169,0.022459,0.022459
0.012948,0.012948,0.011934,0.011934,0.010308,0.010308,0.0075937,0.0075937,0.0035493,0.0035493,0.003038,0.003038,0.0024347,0.0024347,0.0017266,0.0017266,0.02032,0.02032,0.012076,0.012076,0.014785,0.014785,0.015703,0.015703,0.015304,0.015304,0.036319,0.036319,1.0055e-26,1.0055e-26,2.9005e-23,2.9223e-23,0.025711,0.025711,4.7642e-27,4.7906e-27,0.015856,0.015856,0.013491,0.013491,0.011968,0.011968,0.011519,0.011519,0.0055645,0.0055645,0.0048646,0.0048646,0.022974,0.022974
0.013187,0.013187,0.012123,0.012123,0.010416,0.010416,0.0075673,0.0075673,0.0035997,0.0035997,0.003065,0.003065,0.0024349,0.0024349,0.0016963,0.0016963,0.021526,0.021526,0.012294,0.012294,0.015603,0.015603,0.015709,0.015709,0.015617,0.015617,0.037573,0.037573,1.6741e-23,1.7963e-23,1.4678e-20,4.0312e-20,0.026424,0.026424,7.0761e-24,7.9433e-24,0.016266,0.016266,0.013821,0.013821,0.012237,0.012237,0.011756,0.011756,0.0056487,0.0056487,0.0049194,0.0049194,0.023593,0.023593
0.013443,0.013443,0.012324,0.012324,0.010525,0.010525,0.007523,0.007523,0.0036724,0.0036724,0.0031106,0.0031106,0.0024492,0.0024492,0.0016748,0.0016748,0.022953,0.022953,0.012568,0.012568,0.016521,0.016521,0.015767,0.015767,0.01604,0.01604,0.039151,0.039151,8.1983e-31,8.1983e-31,2.3723e-27,2.3723e-27,0.027048,0.027048,6.9135e-30,6.0334e-30,0.016767,0.016767,0.014221,0.014221,0.012559,0.012559,0.012036,0.012036,0.0057441,0.0057441,0.0049779,0.0049779,0.024363,0.024363
0.013709,0.013709,0.012528,0.012528,0.010624,0.010624,0.0074489,0.0074489,0.0037727,0.0037727,0.0031791,0.0031791,0.0024811,0.0024811,0.0016644,0.0016644,0.024645,0.024645,0.012911,0.012911,0.017551,0.017551,0.015896,0.015896,0.016604,0.016604,0.04113,0.04113,1.6728e-31,1.8759e-31,5.1454e-28,5.7128e-28,0.027676,0.027676,1.9542e-30,1.9529e-30,0.01741,0.01741,0.014727,0.014727,0.012959,0.012959,0.012374,0.012374,0.0058526,0.0058526,0.0050354,0.0050354,0.025344,0.025344
0.013976,0.013976,0.012725,0.012725,0.010702,0.010702,0.0073309,0.0073309,0.0039065,0.0039065,0.0032756,0.0032756,0.0025341,0.0025341,0.0016676,0.0016676,0.02666,0.02666,0.013339,0.013339,0.018712,0.018712,0.016114,0.016114,0.017341,0.017341,0.043601,0.043601,1.8759e-29,1.3387e-29,3.5162e-26,3.5162e-26,0.028393,0.028393,1.2808e-28,1.2808e-28,0.018252,0.018252,0.015381,0.015381,0.013462,0.013462,0.012783,0.012783,0.0059732,0.0059732,0.0050839,0.0050839,0.026601,0.026601
0.014236,0.014236,0.012905,0.012905,0.010746,0.010746,0.0071529,0.0071529,0.0040806,0.0040806,0.0034054,0.0034054,0.0026123,0.0026123,0.0016862,0.0016862,0.029069,0.029069,0.013871,0.013871,0.020024,0.020024,0.016442,0.016442,0.01829,0.01829,0.046676,0.046676,3.1065e-28,2.22e-28,2.7729e-25,3.1038e-25,0.029274,0.029274,3.1689e-26,3.1689e-26,0.019353,0.019353,0.016225,0.016225,0.014095,0.014095,0.013273,0.013273,0.0061008,0.0061008,0.0051094,0.0051094,0.028198,0.028198
0.014483,0.014483,0.01306,0.01306,0.010746,0.010746,0.0068999,0.0068999,0.0043018,0.0043018,0.0035738,0.0035738,0.002719,0.002719,0.0017218,0.0017218,0.031944,0.031944,0.014526,0.014526,0.021508,0.021508,0.016898,0.016898,0.01949,0.01949,0.050464,0.050464,7.677e-30,7.677e-30,1.5329e-29,1.5329e-29,0.030419,0.030419,3.8058e-27,3.8058e-27,0.020776,0.020776,0.017303,0.017303,0.01488,0.01488,0.013846,0.013846,0.0062244,0.0062244,0.00509,0.00509,0.030182,0.030182
0.014707,0.014707,0.013177,0.013177,0.010683,0.010683,0.0065508,0.0065508,0.0045764,0.0045764,0.0037856,0.0037856,0.0028571,0.0028571,0.0017749,0.0017749,0.035373,0.035373,0.015323,0.015323,0.02319,0.02319,0.017489,0.017489,0.020973,0.020973,0.055092,0.055092,1.631e-27,1.6164e-27,3.2199e-27,1.129e-26,0.031895,0.031895,2.0597e-25,2.0789e-25,0.022568,0.022568,0.018645,0.018645,0.01583,0.01583,0.014499,0.014499,0.0063286,0.0063286,0.0050026,0.0050026,0.032614,0.032614
0.014894,0.014894,0.013239,0.013239,0.010537,0.010537,0.006079,0.006079,0.0049127,0.0049127,0.0040465,0.0040465,0.00303,0.00303,0.0018459,0.0018459,0.03947,0.03947,0.016281,0.016281,0.025107,0.025107,0.018225,0.018225,0.022787,0.022787,0.060722,0.060722,1.7087e-26,1.7094e-26,3.0314e-25,3.0337e-25,0.034247,0.034247,1.1702e-24,1.1704e-24,0.024787,0.024787,0.020284,0.020284,0.016958,0.016958,0.015227,0.015227,0.0063917,0.0063917,0.0048156,0.0048156,0.035563,0.035563
0.015031,0.015031,0.013228,0.013228,0.010281,0.010281,0.0054516,0.0054516,0.0053216,0.0053216,0.0043647,0.0043647,0.0032419,0.0032419,0.0019353,0.0019353,0.044378,0.044378,0.017431,0.017431,0.027308,0.027308,0.019117,0.019117,0.024991,0.024991,0.067574,0.067574,1.4235e-19,1.4234e-19,2.2496e-17,2.2481e-17,0.037571,0.037571,6.2816e-18,6.2814e-18,0.027516,0.027516,0.022271,0.022271,0.018285,0.018285,0.016023,0.016023,0.0063852,0.0063852,0.0044861,0.0044861,0.039122,0.039122
0.015107,0.015107,0.013125,0.013125,0.0098883,0.0098883,0.0046306,0.0046306,0.0058174,0.0058174,0.0047505,0.0047505,0.0034988,0.0034988,0.0020435,0.0020435,0.050267,0.050267,0.018813,0.018813,0.029852,0.029852,0.020184,0.020184,0.027664,0.027664,0.075924,0.075924,2.248e-28,2.2475e-28,1.3278e-25,1.1218e-25,0.041869,0.041869,1.0558e-27,1.4218e-27,0.030838,0.030838,0.024656,0.024656,0.019828,0.019828,0.01688,0.01688,0.0062762,0.0062762,0.0039648,0.0039648,0.043419,0.043419
0.015155,0.015155,0.012952,0.012952,0.0093653,0.0093653,0.0036021,0.0036021,0.0064142,0.0064142,0.0052129,0.0052129,0.0038037,0.0038037,0.0021672,0.0021672,0.057304,0.057304,0.02048,0.02048,0.032798,0.032798,0.021443,0.021443,0.030875,0.030875,0.086041,0.086041,3.1734e-28,4.2252e-28,4.7871e-25,3.9388e-25,0.047102,0.047102,1.5898e-28,2.077e-28,0.034847,0.034847,0.027489,0.027489,0.021598,0.021598,0.017769,0.017769,0.0060153,0.0060153,0.0031692,0.0031692,0.048501,0.048501
0.015281,0.015281,0.0128,0.0128,0.008772,0.008772,0.0023836,0.0023836,0.0071238,0.0071238,0.0057568,0.0057568,0.0041537,0.0041537,0.0022942,0.0022942,0.065711,0.065711,0.022498,0.022498,0.036253,0.036253,0.022886,0.022886,0.034676,0.034676,0.098214,0.098214,1.4863e-22,1.4863e-22,1.4033e-19,1.4033e-19,0.053239,0.053239,4.0846e-23,4.0846e-23,0.039774,0.039774,0.030922,0.030922,0.023635,0.023635,0.018585,0.018585,0.0054967,0.0054967,0.0018809,0.0018809,0.054217,0.054217
0.015374,0.015374,0.012547,0.012547,0.0079827,0.0079827,0.00085222,0.00085222,0.0079664,0.0079664,0.0063973,0.0063973,0.0045579,0.0045579,0.0024272,0.0024272,0.075656,0.075656,0.024901,0.024901,0.040279,0.040279,0.024522,0.024522,0.039185,0.039185,0.11284,0.11284,7.1449e-21,7.1449e-21,1.1753e-20,1.1753e-20,0.06034,0.06034,4.0638e-21,4.0638e-21,0.045667,0.045667,0.03496,0.03496,0.025932,0.025932,0.019342,0.019342,0.0046752,0.0046752,1.0251e-14,1.0251e-14,0.060894,0.060894
0.015162,0.015162,0.011916,0.011916,0.0067161,0.0067161,9.8486e-26,9.4097e-26,0.0089663,0.0089663,0.0071506,0.0071506,0.0050232,0.0050232,0.0025626,0.0025626,0.087517,0.087517,0.027722,0.027722,0.045121,0.045121,0.026307,0.026307,0.044605,0.044605,0.13061,0.13061,9.3853e-30,8.9527e-30,2.6793e-27,2.6793e-27,0.068652,0.068652,4.418e-30,4.418e-30,0.05267,0.05267,0.039589,0.039589,0.028271,0.028271,0.019555,0.019555,0.003143,0.003143,2.5411e-28,2.3953e-28,0.068235,0.068235
0.014631,0.014631,0.010874,0.010874,0.0049204,0.0049204,2.4468e-30,2.4468e-30,0.010136,0.010136,0.0080215,0.0080215,0.0055462,0.0055462,0.0026877,0.0026877,0.1014,0.1014,0.031004,0.031004,0.050902,0.050902,0.028203,0.028203,0.050994,0.050994,0.15183,0.15183,3.6075e-33,3.6075e-33,6.0782e-33,6.777e-33,0.077983,0.077983,2.1739e-33,1.732e-33,0.060912,0.060912,0.044925,0.044925,0.030808,0.030808,0.019482,0.019482,0.0009646,0.0009646,8.6119e-32,1.0108e-31,0.076783,0.076783
0.013944,0.013944,0.0095517,0.0095517,0.0026733,0.0026733,1.8634e-24,1.8544e-24,0.011514,0.011514,0.0090364,0.0090364,0.0061371,0.0061371,0.002795,0.002795,0.11755,0.11755,0.034904,0.034904,0.057843,0.057843,0.030281,0.030281,0.058512,0.058512,0.1771,0.1771,8.9963e-27,9.0526e-27,9.3534e-26,9.3534e-26,0.088532,0.088532,1.1972e-26,1.2091e-26,0.070428,0.070428,0.05087,0.05087,0.03329,0.03329,0.018664,0.018664,4.0101e-23,4.0047e-23,2.6119e-24,2.5955e-24,0.086324,0.086324
0.013094,0.013094,0.0079182,0.0079182,1.2946e-16,1.2946e-16,4.0362e-22,4.0362e-22,0.013121,0.013121,0.010204,0.010204,0.0067925,0.0067925,0.0028679,0.0028679,0.13608,0.13608,0.039492,0.039492,0.066223,0.066223,0.032504,0.032504,0.067248,0.067248,0.20681,0.20681,5.5705e-23,5.5705e-23,9.5449e-23,9.5449e-23,0.10023,0.10023,3.5337e-23,3.5337e-23,0.081324,0.081324,0.05746,0.05746,0.035698,0.035698,0.017033,0.017033,7.7614e-22,7.7614e-22,3.4928e-22,3.4928e-22,0.09703,0.09703
0.010955,0.010955,0.0048822,0.0048822,1.0688e-22,1.0688e-22,4.6569e-24,4.6569e-24,0.014941,0.014941,0.011511,0.011511,0.0075055,0.0075055,0.0029054,0.0029054,0.15693,0.15693,0.044536,0.044536,0.076498,0.076498,0.034589,0.034589,0.077351,0.077351,0.24134,0.24134,8.4372e-26,8.4372e-26,1.144e-23,1.144e-23,0.11287,0.11287,1.916e-25,1.916e-25,0.093714,0.093714,0.064743,0.064743,0.038032,0.038032,0.014553,0.014553,4.6008e-24,4.6008e-24,2.6185e-24,2.6185e-24,0.10917,0.10917
0.0085985,0.0085985,0.00144,0.00144,4.2168e-21,4.2168e-21,6.1691e-21,6.1691e-21,0.016999,0.016999,0.012968,0.012968,0.0082629,0.0082629,0.0028708,0.0028708,0.18008,0.18008,0.050327,0.050327,0.08834,0.08834,0.036684,0.036684,0.088701,0.088701,0.28054,0.28054,8.7923e-23,8.7923e-23,5.7849e-21,5.7849e-21,0.12634,0.12634,1.3893e-22,1.3893e-22,0.1075,0.1075,0.072625,0.072625,0.040209,0.040209,0.011144,0.011144,7.8879e-21,7.8879e-21,2.4981e-21,2.4981e-21,0.12269,0.12269
0.0042581,0.0042581,3.9079e-22,3.9079e-22,1.4713e-23,1.4713e-23,1.2821e-23,1.2821e-23,0.019257,0.019257,0.014553,0.014553,0.0090674,0.0090674,0.0027931,0.0027931,0.20509,0.20509,0.056436,0.056436,0.1006,0.1006,0.03845,0.03845,0.10142,0.10142,0.32439,0.32439,1.0637e-24,1.0637e-24,1.7778e-24,1.7777e-24,0.14045,0.14045,6.8295e-25,6.8295e-25,0.1226,0.1226,0.080987,0.080987,0.042073,0.042073,0.0066055,0.0066055,2.8609e-23,2.861e-23,9.8072e-24,9.8072e-24,0.13754,0.13754
7.7095e-31,7.3568e-31,4.1889e-31,4.1889e-31,2.8455e-31,2.8455e-31,1.8533e-31,1.8533e-31,0.021553,0.021553,0.016236,0.016236,0.010038,0.010038,0.0029575,0.0029575,0.22967,0.22967,0.060528,0.060528,0.11278,0.11278,0.038518,0.038518,0.11653,0.11653,0.37372,0.37372,5.5665e-32,5.5665e-32,9.1763e-32,9.1763e-32,0.15485,0.15485,3.4537e-32,3.6255e-32,0.13916,0.13916,0.089754,0.089754,0.043321,0.043321,0.00038236,0.00038236,2.9374e-31,3.0865e-31,2.0982e-31,2.0982e-31,0.15392,0.15392
2.2356e-32,2.2356e-32,2.1411e-32,2.1411e-32,1.6191e-32,1.6191e-32,2.5822e-32,2.3509e-32,0.023639,0.023639,0.01806,0.01806,0.011546,0.011546,0.0041014,0.0041014,0.24951,0.24951,0.057387,0.057387,0.1255,0.1255,0.033985,0.033985,0.13734,0.13734,0.43296,0.43296,7.2865e-33,6.4675e-33,8.2343e-32,8.2343e-32,0.17066,0.17066,5.8881e-33,5.8881e-33,0.15667,0.15667,0.097236,0.097236,0.040654,0.040654,1.2009e-30,1.0035e-30,7.9038e-32,7.9038e-32,8.5601e-32,8.5601e-32,0.1684,0.1684
2.4242e-25,2.4242e-25,3.0521e-25,3.0521e-25,2.9665e-25,2.9665e-25,2.4763e-25,2.4763e-25,0.025917,0.025917,0.019995,0.019995,0.013073,0.013073,0.0051587,0.0051587,0.27007,0.27007,0.054906,0.054906,0.13801,0.13801,0.029378,0.029378,0.15912,0.15912,0.49548,0.49548,1.1357e-25,1.1357e-25,4.7653e-25,4.7653e-25,0.18719,0.18719,7.8844e-26,7.8844e-26,0.17474,0.17474,0.10445,0.10445,0.036892,0.036892,1.0249e-21,1.0249e-21,1.305e-23,1.305e-23,9.6326e-25,9.6326e-25,0.18296,0.18296
1.0868e-25,1.0872e-25,8.7204e-26,8.7204e-26,4.8802e-26,4.8822e-26,3.1816e-26,3.1816e-26,0.02835,0.02835,0.021997,0.021997,0.014565,0.014565,0.006069,0.006069,0.29085,0.29085,0.053306,0.053306,0.14963,0.14963,0.024823,0.024823,0.18139,0.18139,0.55994,0.55994,7.5304e-27,7.5304e-27,1.4037e-26,1.4048e-26,0.20478,0.20478,5.0605e-27,5.059e-27,0.19307,0.19307,0.11134,0.11134,0.03223,0.03223,3.9068e-26,3.9081e-26,4.1436e-26,4.1421e-26,3.0022e-26,3.0014e-26,0.19752,0.19752
1.2734e-27,1.271e-27,3.7803e-27,3.7803e-27,2.459e-27,2.459e-27,1.0499e-27,1.0511e-27,0.03089,0.03089,0.024018,0.024018,0.015977,0.015977,0.0067894,0.0067894,0.31099,0.31099,0.052706,0.052706,0.15981,0.15981,0.020418,0.020418,0.20362,0.20362,0.6249,0.6249,2.3324e-28,2.3285e-28,5.9635e-28,5.9635e-28,0.22424,0.22424,1.0247e-28,1.0247e-28,0.21131,0.21131,0.11777,0.11777,0.0268,0.0268,1.9657e-26,1.9605e-26,1.1282e-27,1.1282e-27,7.7332e-28,7.7232e-28,0.21181,0.21181
2.644e-22,2.644e-22,2.4203e-22,2.4203e-22,3.0555e-23,3.0555e-23,2.5417e-23,2.5417e-23,0.033484,0.033484,0.026016,0.026016,0.017276,0.017276,0.0073,0.0073,0.32956,0.32956,0.053092,0.053092,0.16847,0.16847,0.016193,0.016193,0.22543,0.22543,0.68922,0.68922,1.1393e-23,1.1393e-23,2.8483e-23,2.8483e-23,0.24511,0.24511,5.5913e-24,5.5913e-24,0.22907,0.22907,0.12361,0.12361,0.020747,0.020747,4.6442e-23,4.6442e-23,4.4516e-23,4.4516e-23,3.1442e-23,3.1442e-23,0.22558,0.22558
9.6615e-26,9.6615e-26,7.5613e-25,7.5613e-25,1.5315e-25,1.5315e-25,1.3859e-25,1.3859e-25,0.036093,0.036093,0.02796,0.02796,0.018446,0.018446,0.0075992,0.0075992,0.3458,0.3458,0.054395,0.054395,0.17556,0.17556,0.012156,0.012156,0.24655,0.24655,0.7521,0.7521,3.648e-26,3.648e-26,1.245e-25,1.245e-25,0.2636,0.2636,1.2566e-26,1.2566e-26,0.24613,0.24613,0.1288,0.1288,0.014248,0.014248,2.101e-25,2.101e-25,1.2835e-25,1.2835e-25,1.0364e-25,1.0364e-25,0.23866,0.23866
3.9838e-22,3.9838e-22,5.0286e-22,5.0286e-22,4.1756e-22,4.1756e-22,4.681e-22,4.681e-22,0.038681,0.038681,0.029829,0.029829,0.01948,0.01948,0.0076972,0.0076972,0.3593,0.3593,0.056516,0.056516,0.18102,0.18102,0.0082936,0.0082936,0.26683,0.26683,0.813,0.813,1.7824e-22,1.7824e-22,3.7376e-22,3.7376e-22,0.27876,0.27876,1.0063e-22,1.0063e-22,0.26233,0.26233,0.13336,0.13336,0.0074904,0.0074904,5.6913e-22,5.6913e-22,4.6985e-22,4.6985e-22,3.6131e-22,3.6131e-22,0.25095,0.25095
1.5123e-29,1.5162e-29,1.5829e-29,1.5829e-29,1.7039e-29,1.7039e-29,1.9299e-29,1.9319e-29,0.041224,0.041224,0.031611,0.031611,0.020379,0.020379,0.0076113,0.0076113,0.37021,0.37021,0.059336,0.059336,0.18494,0.18494,0.0045794,0.0045794,0.28621,0.28621,0.87159,0.87159,9.8012e-30,9.7897e-30,1.8268e-29,1.825e-29,0.29037,0.29037,6.2853e-30,6.2951e-30,0.27754,0.27754,0.13732,0.13732,0.00065145,0.00065145,3.5292e-29,3.524e-29,3.1017e-29,3.1071e-29,2.4399e-29,2.4372e-29,0.26239,0.26239
9.3779e-26,9.3779e-26,9.8119e-26,9.8119e-26,1.0539e-25,1.0539e-25,1.194e-25,1.194e-25,0.043746,0.043746,0.033351,0.033351,0.021215,0.021215,0.0074374,0.0074374,0.37956,0.37956,0.062365,0.062365,0.18796,0.18796,0.00071225,0.00071225,0.30546,0.30546,0.9296,0.9296,5.9235e-26,5.9235e-26,1.1009e-25,1.1009e-25,0.2994,0.2994,3.8491e-26,3.8491e-26,0.28935,0.28935,0.13826,0.13826,3.886e-24,3.886e-24,2.0271e-25,2.0271e-25,1.8258e-25,1.8258e-25,1.4388e-25,1.4388e-25,0.2714,0.2714
3.2948e-27,3.2935e-27,7.3955e-27,7.3929e-27,5.524e-27,5.524e-27,6.4702e-27,6.4729e-27,0.04579,0.04579,0.034667,0.034667,0.02169,0.02169,0.0069812,0.0069812,0.38929,0.38929,0.063817,0.063817,0.19218,0.19218,4.6395e-22,4.638e-22,0.3235,0.3235,0.98475,0.98475,9.9567e-27,9.951e-27,4.9244e-26,4.9262e-26,0.30567,0.30567,2.8989e-26,2.896e-26,0.29996,0.29996,0.13841,0.13841,4.0987e-25,4.0965e-25,9.1102e-27,9.1102e-27,2.151e-26,2.151e-26,1.1347e-26,1.1347e-26,0.27944,0.27944
3.7855e-23,3.7855e-23,4.5433e-23,4.5433e-23,6.1039e-23,6.1039e-23,6.181e-23,6.181e-23,0.053932,0.053932,0.041429,0.041429,0.026812,0.026812,0.010218,0.010218,0.41406,0.41406,0.069985,0.069985,0.20315,0.20315,2.0519e-18,2.0519e-18,0.382,0.382,1,1,2.5548e-23,2.5548e-23,4.7349e-23,4.7349e-23,0.30879,0.30879,1.8478e-23,1.8478e-23,0.31591,0.31591,0.13116,0.13116,2.0851e-21,2.0851e-21,9.845e-23,9.845e-23,6.7125e-23,6.7125e-23,6.2831e-23,6.2831e-23,0.28739,0.28739
3.9152e-29,3.9152e-29,4.138e-29,4.138e-29,4.51e-29,4.5079e-29,5.2127e-29,5.2148e-29,0.06402,0.06402,0.049861,0.049861,0.033266,0.033266,0.014394,0.014394,0.44361,0.44361,0.077923,0.077923,0.21649,0.21649,0.00045968,0.00045968,0.45373,0.45373,1,1,2.5614e-29,2.5614e-29,4.7997e-29,4.8014e-29,0.30935,0.30935,1.8037e-29,1.8046e-29,0.33321,0.33321,0.12112,0.12112,2.426e-28,2.426e-28,6.8616e-29,6.8616e-29,7.0819e-29,7.0793e-29,5.719e-29,5.719e-29,0.29486,0.29486
5.6511e-28,5.6463e-28,6.0387e-28,6.042e-28,6.5495e-28,6.5529e-28,7.521e-28,7.521e-28,0.073479,0.073479,0.057667,0.057667,0.039105,0.039105,0.017976,0.017976,0.47262,0.47262,0.08515,0.08515,0.2302,0.2302,0.0019728,0.0019728,0.52225,0.52225,1,1,3.6362e-28,3.6379e-28,6.6992e-28,6.6965e-28,0.30785,0.30785,2.646e-28,2.6445e-28,0.34942,0.34942,0.11119,0.11119,2.8077e-27,2.806e-27,9.1337e-28,9.1337e-28,9.7921e-28,9.7962e-28,7.9548e-28,7.9548e-28,0.30168,0.30168
1.9935e-26,1.9944e-26,2.3724e-26,2.3732e-26,1.4044e-26,1.4049e-26,1.3423e-26,1.3419e-26,0.08271,0.08271,0.065203,0.065203,0.044629,0.044629,0.021194,0.021194,0.50153,0.50153,0.09274,0.09274,0.24356,0.24356,0.0026762,0.0026762,0.58886,0.58886,1,1,4.9226e-27,4.9226e-27,8.9428e-27,8.9427e-27,0.3049,0.3049,3.3108e-27,3.3109e-27,0.36489,0.36489,0.10142,0.10142,2.6688e-25,2.668e-25,1.6705e-26,1.6704e-26,1.4727e-26,1.4727e-26,1.1721e-26,1.1721e-26,0.30807,0.30807
4.9815e-28,4.5404e-28,5.015e-28,4.889e-28,5.1756e-28,5.2957e-28,4.8059e-28,5.9593e-28,0.091822,0.091822,0.072574,0.072574,0.049937,0.049937,0.024145,0.024145,0.53104,0.53104,0.10061,0.10061,0.25682,0.25682,0.0026555,0.0026555,0.65421,0.65421,1,1,2.245e-28,2.2536e-28,4.2427e-28,4.278e-28,0.30201,0.30201,1.8315e-28,1.8364e-28,0.38026,0.38026,0.091865,0.091865,1.3789e-27,1.3838e-27,5.7865e-28,5.4451e-28,5.8948e-28,6.0407e-28,5.3501e-28,5.398e-28,0.31449,0.31449
7.4805e-25,7.705e-25,7.9455e-25,8.1068e-25,8.7052e-25,8.8078e-25,1.0153e-24,1.0304e-24,0.10083,0.10083,0.079806,0.079806,0.055063,0.055063,0.026871,0.026871,0.56128,0.56128,0.10867,0.10867,0.27003,0.27003,0.0019553,0.0019553,0.71829,0.71829,1,1,4.8136e-25,4.8075e-25,9.1443e-25,9.1074e-25,0.29958,0.29958,3.8723e-25,3.8622e-25,0.39571,0.39571,0.082525,0.082525,2.7651e-24,2.7873e-24,1.1137e-24,1.1131e-24,1.2541e-24,1.2511e-24,1.0387e-24,1.0404e-24,0.32105,0.32105
6.2107e-24,6.7266e-24,6.2044e-24,6.5267e-24,4.7647e-24,4.9487e-24,5.3846e-24,5.5953e-24,0.10974,0.10974,0.0869,0.0869,0.060018,0.060018,0.029394,0.029394,0.59229,0.59229,0.11681,0.11681,0.28322,0.28322,0.0006024,0.0006024,0.78084,0.78084,1,1,2.7458e-25,2.7262e-25,6.2817e-25,6.1929e-25,0.29761,0.29761,7.858e-25,7.8283e-25,0.41125,0.41125,0.073396,0.073396,9.6397e-25,9.4799e-25,1.5409e-24,1.5382e-24,1.9834e-24,1.9838e-24,1.3604e-24,1.3594e-24,0.32776,0.32776
1.9946e-25,2.0006e-25,2.1247e-25,2.1302e-25,2.3396e-25,2.3452e-25,2.7462e-25,2.7494e-25,0.11835,0.11835,0.0937,0.0937,0.064691,0.064691,0.031653,0.031653,0.62437,0.62437,0.12413,0.12413,0.29717,0.29717,9.2352e-21,3.0153e-19,0.84126,0.84126,1,1,1.309e-25,1.3088e-25,2.4874e-25,2.4867e-25,0.29612,0.29612,1.0902e-25,1.0902e-25,0.42692,0.42692,0.064446,0.064446,6.8079e-25,6.8056e-25,2.8956e-25,2.8952e-25,3.3717e-25,3.3718e-25,2.8277e-25,2.8277e-25,0.33463,0.33463
3.3335e-22,1.3133e-22,6.5878e-22,5.2285e-22,2.4438e-22,3.1721e-22,3.4115e-22,1.9772e-22,0.12671,0.12671,0.10026,0.10026,0.069127,0.069127,0.033687,0.033687,0.65754,0.65754,0.13071,0.13071,0.31184,0.31184,1.879e-17,5.3384e-17,0.89959,0.89959,1,1,7.6609e-23,7.1142e-23,1.195e-22,1.1981e-22,0.29532,0.29532,1.7787e-22,1.8749e-22,0.44282,0.44282,0.05563,0.05563,2.9533e-22,8.3195e-22,8.6837e-23,1.8144e-22,1.0811e-22,1.379e-22,1.3289e-22,1.1184e-22,0.34168,0.34168
9.7197e-32,1.3879e-31,9.3704e-33,1.2068e-32,4.4435e-32,3.8935e-32,1.131e-31,1.131e-31,0.13501,0.13501,0.10673,0.10673,0.073456,0.073456,0.035594,0.035594,0.69157,0.69157,0.13702,0.13702,0.32681,0.32681,3.8991e-28,3.1344e-28,0.95672,0.95672,1,1,4.6203e-33,3.3252e-33,1.1741e-32,1.1741e-32,0.29567,0.29567,1.5996e-32,2.0708e-32,0.4592,0.4592,0.046887,0.046887,1.6599e-32,1.9946e-32,1.6611e-32,1.6611e-32,2.054e-32,3.0408e-32,1.8133e-32,2.4776e-32,0.34903,0.34903
2.6918e-22,2.73e-22,2.8709e-22,2.9394e-22,3.1388e-22,3.2459e-22,3.6353e-22,3.8566e-22,0.15435,0.15435,0.12365,0.12365,0.087418,0.087418,0.046091,0.046091,0.72333,0.72333,0.14333,0.14333,0.34589,0.34589,9.6542e-17,2.1017e-19,1,1,1,1,1.8143e-22,1.8099e-22,3.5015e-22,3.4376e-22,0.29603,0.29603,1.6177e-22,1.6191e-22,0.48755,0.48755,0.025301,0.025301,8.3623e-22,8.2184e-22,3.8177e-22,3.7941e-22,4.5792e-22,4.5842e-22,3.8959e-22,3.8963e-22,0.35789,0.35789
1.9938e-30,2.4226e-30,7.7133e-30,1.1784e-31,2.4772e-30,6.6852e-30,1.1374e-29,9.0009e-30,0.21798,0.21798,0.18277,0.18277,0.14066,0.14066,0.092,0.092,0.75724,0.75724,0.13004,0.13004,0.40424,0.40424,0.032894,0.032894,1,1,1,1,3.2106e-30,3.2003e-30,1.0723e-29,1.7355e-30,0.29683,0.29683,2.9568e-30,2.8798e-30,0.51954,0.51954,2.7416e-28,1.4993e-27,6.6442e-30,1.5622e-29,6.4694e-30,1.3663e-29,1.4581e-30,8.0333e-30,6.9684e-30,6.8669e-30,0.36727,0.36727
1.0716e-33,1.9912e-34,1.1991e-33,1.7622e-34,1.4396e-33,1.6662e-34,2.4585e-33,1.1289e-34,0.2899,0.2899,0.24946,0.24946,0.20054,0.20054,0.14341,0.14341,0.79442,0.79442,0.11382,0.11382,0.47181,0.47181,0.070596,0.070596,1,1,1,1,1.9054e-34,3.2029e-34,1.857e-34,8.824e-34,0.29995,0.29995,1.4939e-34,6.475e-35,0.52907,0.52907,1.9386e-33,1.1456e-30,5.2916e-34,3.9228e-33,4.4168e-34,1.0441e-33,9.3401e-34,5.2668e-34,7.3113e-34,4.2905e-34,0.37427,0.37427
1.9353e-29,2.1215e-29,6.5697e-29,2.0861e-28,6.0388e-29,5.2234e-29,3.9739e-29,1.6548e-28,0.35898,0.35898,0.31319,0.31319,0.25736,0.25736,0.19171,0.19171,0.83032,0.83032,0.1003,0.1003,0.53607,0.53607,0.10401,0.10401,1,1,1,1,3.8048e-29,3.5245e-29,1.5623e-28,5.7553e-29,0.30337,0.30337,1.0155e-28,8.3922e-29,0.53862,0.53862,9.9744e-27,5.6809e-29,1.9022e-28,1.1437e-28,2.2738e-28,1.1929e-28,4.0613e-29,2.2186e-28,2.794e-29,3.872e-29,0.38123,0.38123
1.8884e-24,6.921e-24,2.444e-24,5.551e-24,1.9005e-24,5.2858e-24,2.0335e-24,7.2748e-24,0.42505,0.42505,0.37389,0.37389,0.31118,0.31118,0.23708,0.23708,0.86447,0.86447,0.088902,0.088902,0.59684,0.59684,0.13375,0.13375,1,1,1,1,1.9339e-24,1.7147e-24,3.3496e-24,2.4002e-24,0.30679,0.30679,2.0692e-24,1.9357e-24,0.548,0.548,6.9704e-23,1.8569e-23,8.5083e-24,4.6762e-24,3.7558e-24,2.6302e-24,3.7242e-24,4.1765e-24,3.3418e-24,3.5796e-24,0.388,0.388
7.6193e-24,1.419e-24,8.9614e-24,1.4095e-24,1.04e-23,1.6404e-24,1.2808e-23,2.1042e-24,0.4872,0.4872,0.43082,0.43082,0.36142,0.36142,0.27914,0.27914,0.89665,0.89665,0.079262,0.079262,0.65341,0.65341,0.15997,0.15997,1,1,1,1,2.1204e-24,3.1434e-24,2.369e-24,1.0178e-23,0.31009,0.31009,1.8126e-24,2.214e-24,0.55712,0.55712,2.2609e-23,8.8781e-23,4.5009e-24,1.8496e-23,3.3678e-24,7.6822e-24,7.4666e-24,5.9306e-24,6.2119e-24,5.1724e-24,0.39449,0.39449
2.4496e-23,2.8964e-23,2.5465e-23,3.1152e-23,2.6129e-23,3.6764e-23,2.4364e-23,5.58e-23,0.54422,0.54422,0.48292,0.48292,0.40724,0.40724,0.31729,0.31729,0.92679,0.92679,0.071071,0.071071,0.7049,0.7049,0.18267,0.18267,1,1,1,1,2.0536e-23,2.0223e-23,4.3609e-23,3.5497e-23,0.31322,0.31322,1.9142e-23,1.9056e-23,0.56588,0.56588,2.4662e-22,3.0934e-22,6.6409e-23,6.9522e-23,3.4605e-23,3.4199e-23,4.4342e-23,4.7685e-23,4.0145e-23,3.8428e-23,0.40068,0.40068
4.2995e-31,2.0529e-31,4.881e-31,8.1976e-32,5.9987e-31,1.2074e-31,6.7909e-31,1.913e-31,0.59488,0.59488,0.52915,0.52915,0.44781,0.44781,0.35097,0.35097,0.95488,0.95488,0.06401,0.06401,0.75044,0.75044,0.20192,0.20192,1,1,1,1,1.7126e-31,1.8391e-31,2.8179e-31,3.7692e-31,0.31615,0.31615,1.9422e-31,2.0585e-31,0.57423,0.57423,3.6251e-30,2.4421e-29,6.0148e-31,1.1168e-30,3.2235e-31,4.4395e-31,4.7068e-31,4.2309e-31,2.9894e-31,2.65e-31,0.4065,0.4065
1.6277e-26,1.6232e-26,3.5765e-27,3.565e-27,1.6278e-26,1.6277e-26,2.9427e-27,2.9425e-27,0.63825,0.63825,0.56872,0.56872,0.48254,0.48254,0.3798,0.3798,0.9808,0.9808,0.057716,0.057716,0.78926,0.78926,0.2179,0.2179,1,1,1,1,7.0368e-27,7.0367e-27,2.4558e-26,2.4622e-26,0.31882,0.31882,2.3472e-26,2.3472e-26,0.58207,0.58207,6.3234e-25,6.3425e-25,2.8575e-26,2.8628e-26,7.3851e-27,7.3578e-27,1.5858e-26,1.5911e-26,5.3153e-27,5.3418e-27,0.41192,0.41192
1.8805e-24,1.9442e-24,5.1438e-25,5.1795e-25,1.3382e-25,1.4019e-25,2.0294e-25,2.0628e-25,0.67435,0.67435,0.60146,0.60146,0.511,0.511,0.40308,0.40308,1,1,0.05448,0.05448,0.82285,0.82285,0.23033,0.23033,1,1,1,1,4.8074e-25,4.8489e-25,1.1832e-24,1.1758e-24,0.32118,0.32118,9.7572e-25,9.7888e-25,0.58931,0.58931,7.7557e-23,7.4701e-23,3.4661e-24,3.4891e-24,1.1049e-24,1.1277e-24,1.1962e-24,1.1846e-24,1.1881e-24,1.1833e-24,0.4169,0.4169
1.9881e-36,2.0815e-36,1.9225e-36,2.1204e-36,2.2857e-36,8.1052e-37,2.4128e-17,2.0144e-36,0.70333,0.70333,0.62667,0.62667,0.53157,0.53157,0.41824,0.41824,1,1,0.062481,0.062481,0.85713,0.85713,0.23687,0.23687,1,1,1,1,1.111e-17,1.0978e-36,1.7185e-17,2.7895e-36,0.3232,0.3232,1.0014e-17,1.143e-36,0.59591,0.59591,1.3431e-35,1.0902e-35,1.5305e-17,1.0233e-35,1.6839e-36,1.4913e-17,2.3447e-36,2.2487e-36,2.8648e-17,5.0893e-36,0.42142,0.42142
3.6904e-32,3.9565e-32,1.4146e-32,3.8193e-32,2.5594e-17,6.6868e-32,2.4122e-17,2.9196e-32,0.72297,0.72297,0.64379,0.64379,0.54557,0.54557,0.42858,0.42858,1,1,0.067944,0.067944,0.88059,0.88059,0.2415,0.2415,1,1,1,1,1.0915e-32,1.0782e-32,1.9988e-32,4.8307e-32,0.32484,0.32484,9.8877e-18,3.3344e-32,0.60185,0.60185,1.4596e-31,1.5958e-17,9.8821e-32,4.1995e-32,2.4159e-32,2.3383e-32,4.3636e-32,1.8742e-32,2.4533e-32,2.839e-17,0.42546,0.42546
8.7749e-32,2.7762e-31,9.1902e-32,4.0623e-31,1.7541e-31,3.9556e-31,1.8152e-31,5.6109e-31,0.73262,0.73262,0.65225,0.65225,0.55254,0.55254,0.43379,0.43379,1,1,0.07079,0.07079,0.89267,0.89267,0.24414,0.24414,1,1,1,1,2.0015e-31,1.9352e-31,4.4028e-31,3.5006e-31,0.32609,0.32609,1.9848e-31,2.652e-31,0.6071,0.6071,2.9599e-30,1.537e-30,4.5371e-31,3.6458e-31,2.5766e-31,3.3332e-31,4.3907e-31,6.5037e-31,4.7796e-31,3.8388e-31,0.429,0.429
5.9571e-24,5.9725e-24,6.6457e-24,6.6663e-24,7.8397e-24,7.8702e-24,1.0449e-23,1.0506e-23,0.732,0.732,0.65183,0.65183,0.5523,0.5523,0.43374,0.43374,1,1,0.070917,0.070917,0.89296,0.89296,0.2448,0.2448,1,1,1,1,6.5288e-24,6.5277e-24,1.3816e-23,1.3798e-23,0.32695,0.32695,6.316e-24,6.3154e-24,0.61169,0.61169,5.8381e-23,5.831e-23,2.0561e-23,2.0548e-23,1.1684e-23,1.1679e-23,1.4558e-23,1.4559e-23,1.2573e-23,1.2573e-23,0.4319,0.4319
1.3826e-23,1.8001e-23,1.4995e-23,2.0516e-23,1.6876e-23,2.5152e-23,2.0472e-23,3.6203e-23,0.72157,0.72157,0.64295,0.64295,0.54524,0.54524,0.42879,0.42879,1,1,0.067903,0.067903,0.88124,0.88124,0.24389,0.24389,1,1,1,1,1.6633e-23,1.6357e-23,3.6747e-23,3.2401e-23,0.32749,0.32749,1.5965e-23,1.5838e-23,0.61574,0.61574,1.5835e-22,1.4198e-22,5.4511e-23,5.1256e-23,3.036e-23,2.9342e-23,3.6706e-23,3.7101e-23,3.1634e-23,3.1838e-23,0.43429,0.43429
4.2691e-21,3.0046e-21,4.5239e-21,3.2845e-21,6.3933e-21,3.5123e-21,9.3956e-21,3.7013e-21,0.70062,0.70062,0.62497,0.62497,0.53081,0.53081,0.41848,0.41848,1,1,0.061687,0.061687,0.85681,0.85681,0.24101,0.24101,1,1,1,1,3.0315e-21,3.0932e-21,5.4688e-21,6.9589e-21,0.32772,0.32772,2.8304e-21,2.9227e-21,0.61903,0.61903,2.5276e-20,2.933e-20,9.6411e-21,1.0717e-20,5.5044e-21,5.7386e-21,6.9566e-21,6.8459e-21,5.9194e-21,5.8686e-21,0.43612,0.43612
1.0119e-20,1.4842e-20,1.0572e-20,1.7088e-20,1.0376e-20,2.1388e-20,1.2335e-20,3.3029e-20,0.66835,0.66835,0.59713,0.59713,0.50828,0.50828,0.40215,0.40215,1,1,0.052479,0.052479,0.81914,0.81914,0.23549,0.23549,1,1,1,1,1.0345e-20,1.0071e-20,2.2854e-20,1.8352e-20,0.32759,0.32759,9.7188e-21,9.7042e-21,0.62139,0.62139,9.1728e-20,8.2676e-20,3.4362e-20,3.1798e-20,1.9397e-20,1.8341e-20,2.2745e-20,2.329e-20,1.9503e-20,1.9704e-20,0.43728,0.43728
2.4768e-31,3.7749e-31,2.2653e-31,3.7024e-31,3.1218e-31,4.877e-31,4.6863e-31,6.3099e-31,0.62434,0.62434,0.55895,0.55895,0.47716,0.47716,0.37928,0.37928,1,1,0.040722,0.040722,0.76804,0.76804,0.22652,0.22652,1,1,1,1,2.7099e-31,2.1901e-31,5.1116e-31,4.4829e-31,0.32712,0.32712,1.8908e-31,2.2035e-31,0.6227,0.6227,2.5876e-30,1.9885e-30,8.1375e-31,6.764e-31,4.3577e-31,3.9157e-31,4.863e-31,5.0209e-31,3.7125e-31,3.7981e-31,0.43768,0.43768
5.3786e-33,8.0608e-33,5.5342e-33,6.2182e-33,5.985e-33,1.7058e-32,6.0875e-33,1.6934e-32,0.56839,0.56839,0.51014,0.51014,0.43703,0.43703,0.34932,0.34932,1,1,0.027242,0.027242,0.70364,0.70364,0.21304,0.21304,1,1,1,1,7.7195e-33,5.2532e-33,1.1992e-32,1.28e-32,0.3263,0.3263,6.8715e-33,4.8602e-33,0.62285,0.62285,9.4697e-32,2.1042e-32,1.9902e-32,1.757e-32,1.0545e-32,1.3211e-32,1.1985e-32,1.223e-32,1.0168e-32,1.3231e-32,0.43721,0.43721
1.2319e-25,4.2731e-25,1.0712e-25,3.9207e-25,9.7283e-26,4.1659e-25,8.4047e-26,5.8634e-25,0.50031,0.50031,0.45029,0.45029,0.38727,0.38727,0.31145,0.31145,1,1,0.013517,0.013517,0.62642,0.62642,0.19362,0.19362,1,1,1,1,1.0817e-25,7.8001e-26,2.7521e-25,9.1682e-26,0.32489,0.32489,1.5073e-25,1.1151e-25,0.62174,0.62174,3.5819e-24,1.6216e-24,7.0527e-25,1.7117e-25,2.6743e-25,9.7874e-26,1.5886e-25,2.1058e-25,1.4554e-25,1.8378e-25,0.43579,0.43579
4.7542e-27,3.4779e-27,5.3578e-27,3.6251e-27,6.4365e-27,3.988e-27,8.8943e-27,4.5225e-27,0.42408,0.42408,0.38089,0.38089,0.32656,0.32656,0.26134,0.26134,0.97225,0.97225,0.019761,0.019761,0.55351,0.55351,0.16297,0.16297,1,1,1,1,2.9476e-27,3.0481e-27,5.4035e-27,6.3233e-27,0.32269,0.32269,2.668e-27,2.6958e-27,0.61925,0.61925,7.9123e-26,5.6138e-26,1.057e-26,1.2851e-26,5.9054e-27,6.241e-27,7.0306e-27,6.9273e-27,5.8841e-27,5.7916e-27,0.43333,0.43333
5.5027e-23,9.8335e-23,5.6463e-23,9.5974e-23,5.5877e-23,9.077e-23,6.3214e-23,1.3366e-22,0.34003,0.34003,0.30303,0.30303,0.25684,0.25684,0.20179,0.20179,0.92985,0.92985,0.038081,0.038081,0.47853,0.47853,0.12305,0.12305,1,1,1,1,3.3057e-23,3.0413e-23,6.534e-23,4.6019e-23,0.31961,0.31961,3.6809e-23,3.5183e-23,0.61528,0.61528,7.4655e-21,7.1725e-22,2.0164e-22,1.2922e-22,9.0258e-23,7.2248e-23,7.5279e-23,8.103e-23,6.1048e-23,6.3721e-23,0.42974,0.42974
4.2293e-27,4.6223e-27,2.678e-27,5.2975e-27,2.9905e-27,6.6174e-27,1.8926e-27,1.0626e-26,0.24954,0.24954,0.2182,0.2182,0.1797,0.1797,0.13452,0.13452,0.87829,0.87829,0.065952,0.065952,0.39969,0.39969,0.074533,0.074533,1,1,1,1,1.8139e-27,1.6746e-27,4.3217e-27,3.0463e-27,0.3156,0.3156,1.5367e-27,1.4639e-27,0.60975,0.60975,1.5517e-26,2.3428e-26,1.0401e-26,7.981e-27,5.1111e-27,4.1239e-27,4.631e-27,4.6284e-27,3.8918e-27,4.6818e-27,0.42495,0.42495
2.756e-21,4.975e-21,2.8223e-21,5.4097e-21,3.5392e-21,6.4152e-21,4.0736e-21,8.4044e-21,0.17077,0.17077,0.14383,0.14383,0.11148,0.11148,0.074335,0.074335,0.82728,0.82728,0.094009,0.094009,0.33261,0.33261,0.028389,0.028389,1,1,1,1,2.4393e-21,2.3318e-21,4.9245e-21,3.7778e-21,0.31379,0.31379,1.9477e-21,1.8457e-21,0.55886,0.55886,0.046576,0.046576,1.498e-20,1.3375e-20,6.2211e-21,5.8372e-21,6.1246e-21,6.1809e-21,4.9708e-21,4.9849e-21,0.41414,0.41414
7.3659e-24,6.8558e-24,2.1551e-23,2.1776e-23,6.4301e-24,6.5162e-24,1.726e-24,1.7486e-24,0.13259,0.13259,0.1088,0.1088,0.080524,0.080524,0.048444,0.048444,0.78193,0.78193,0.099624,0.099624,0.29504,0.29504,0.011378,0.011378,0.94943,0.94943,1,1,1.4811e-24,1.4689e-24,2.292e-25,2.5059e-25,0.31062,0.31062,1.7285e-24,1.7325e-24,0.50671,0.50671,0.091836,0.091836,1.6521e-23,1.6399e-23,4.284e-24,4.2775e-24,5.205e-24,5.2026e-24,4.9613e-24,4.9558e-24,0.40173,0.40173
3.5019e-28,3.5019e-28,1.287e-27,2.1326e-27,5.517e-28,1.2839e-28,1.9714e-27,4.5127e-28,0.1183,0.1183,0.097272,0.097272,0.072262,0.072262,0.04388,0.04388,0.73832,0.73832,0.089315,0.089315,0.27277,0.27277,0.01421,0.01421,0.85377,0.85377,1,1,1.1721e-27,1.1721e-27,3.8882e-27,5.8181e-28,0.30408,0.30408,4.602e-27,2.7632e-27,0.48081,0.48081,0.10678,0.10678,2.8865e-28,2.8865e-28,9.3782e-28,9.3782e-28,2.2917e-28,1.3562e-28,1.2495e-27,1.2495e-27,0.39072,0.39072
6.1469e-32,6.1469e-32,8.1889e-31,6.0904e-31,8.3889e-31,8.3889e-31,2.1906e-31,1.7214e-31,0.10354,0.10354,0.085108,0.085108,0.0632,0.0632,0.038352,0.038352,0.69386,0.69386,0.080631,0.080631,0.24997,0.24997,0.015715,0.015715,0.75166,0.75166,1,1,1.3738e-31,1.3738e-31,2.8471e-31,3.8428e-31,0.29641,0.29641,1.2298e-31,9.5361e-32,0.4534,0.4534,0.12124,0.12124,4.128e-31,4.128e-31,9.4459e-32,6.7659e-32,4.3047e-31,3.3937e-31,7.2009e-33,7.2009e-33,0.37833,0.37833
8.0111e-33,1.44e-32,8.1569e-33,3.1601e-33,3.6833e-33,7.0138e-33,1.819e-33,1.0774e-33,0.088636,0.088636,0.07258,0.07258,0.053523,0.053523,0.031951,0.031951,0.64968,0.64968,0.073985,0.073985,0.22694,0.22694,0.015864,0.015864,0.64545,0.64545,1,1,6.6313e-34,6.6313e-34,5.0665e-33,1.9959e-33,0.2877,0.2877,2.0215e-33,2.871e-33,0.42505,0.42505,0.13486,0.13486,9.273e-34,1.8352e-33,3.2228e-33,3.2228e-33,4.9434e-33,6.3642e-33,2.1552e-33,2.1552e-33,0.36479,0.36479
7.1072e-30,4.7025e-31,3.7257e-30,3.7257e-30,8.654e-30,1.5573e-29,1.2557e-29,6.4141e-30,0.073868,0.073868,0.059903,0.059903,0.043388,0.043388,0.024767,0.024767,0.60742,0.60742,0.069657,0.069657,0.20398,0.20398,0.014664,0.014664,0.53687,0.53687,1,1,1.3483e-30,2.6594e-31,4.3918e-30,4.3918e-30,0.27803,0.27803,7.9273e-31,7.9273e-31,0.39614,0.39614,0.14737,0.14737,8.4011e-32,3.8282e-30,2.0663e-30,1.2022e-30,5.4139e-31,1.995e-30,3.0558e-30,3.0558e-30,0.35028,0.35028
1.4738e-30,1.4738e-30,1.0871e-29,9.9953e-30,1.3185e-29,1.3185e-29,1.4577e-29,1.4577e-29,0.059359,0.059359,0.047178,0.047178,0.032865,0.032865,0.016833,0.016833,0.56859,0.56859,0.067814,0.067814,0.18136,0.18136,0.012067,0.012067,0.42659,0.42659,1,1,2.4431e-30,2.7118e-30,1.2425e-29,1.2425e-29,0.26727,0.26727,1.5696e-29,1.5696e-29,0.36671,0.36671,0.15863,0.15863,9.0545e-29,7.5471e-29,1.0212e-29,1.0212e-29,1.149e-29,1.149e-29,1.0535e-29,9.1558e-30,0.33473,0.33473
4.8712e-29,4.7021e-29,5.1278e-29,5.4808e-29,1.0007e-29,1.0007e-29,1.0367e-29,1.0367e-29,0.046093,0.046093,0.035374,0.035374,0.022889,0.022889,0.0090303,0.0090303,0.53206,0.53206,0.067251,0.067251,0.16102,0.16102,0.0082089,0.0082089,0.32377,0.32377,1,1,2.1715e-30,2.1715e-30,3.6903e-30,3.6903e-30,0.25752,0.25752,8.244e-31,7.9843e-31,0.33163,0.33163,0.16158,0.16158,0.014463,0.014463,1.955e-29,1.955e-29,9.7015e-30,1.0066e-29,6.0056e-30,5.661e-30,0.31428,0.31428
5.5484e-21,5.5484e-21,5.2559e-21,5.2559e-21,2.071e-21,2.071e-21,1.8232e-21,1.8232e-21,0.037972,0.037972,0.028306,0.028306,0.017113,0.017113,0.0047591,0.0047591,0.50994,0.50994,0.066683,0.066683,0.1473,0.1473,0.0080725,0.0080725,0.25953,0.25953,0.96368,0.96368,5.5278e-22,5.5278e-22,1.4215e-21,1.4215e-21,0.24735,0.24735,2.3876e-22,2.3876e-22,0.30012,0.30012,0.15638,0.15638,0.032777,0.032777,5.7618e-21,5.7618e-21,2.5995e-21,2.5995e-21,1.4835e-21,1.4835e-21,0.29288,0.29288
1.0401e-25,1.04e-25,1.0692e-25,1.0693e-25,1.0555e-25,1.0554e-25,9.6927e-26,9.6934e-26,0.035168,0.035168,0.026253,0.026253,0.015928,0.015928,0.0045226,0.0045226,0.50487,0.50487,0.06576,0.06576,0.14007,0.14007,0.013421,0.013421,0.23562,0.23562,0.88259,0.88259,2.1353e-26,2.1358e-26,1.3346e-25,1.3346e-25,0.23484,0.23484,1.1604e-26,1.1606e-26,0.28,0.28,0.15007,0.15007,0.038286,0.038286,2.3167e-25,2.3167e-25,1.2534e-25,1.2533e-25,5.2569e-25,5.2564e-25,0.27578,0.27578
1.3199e-22,1.3199e-22,6.6405e-23,6.6405e-23,7.558e-24,7.558e-24,7.9254e-24,7.9254e-24,0.032635,0.032635,0.024366,0.024366,0.014789,0.014789,0.0042014,0.0042014,0.49948,0.49948,0.065389,0.065389,0.13391,0.13391,0.018305,0.018305,0.21309,0.21309,0.8052,0.8052,1.7612e-24,1.7612e-24,4.0523e-24,4.0523e-24,0.22217,0.22217,9.5281e-25,9.5281e-25,0.26065,0.26065,0.14364,0.14364,0.042863,0.042863,1.672e-21,1.672e-21,1.2584e-23,1.2584e-23,6.9033e-24,6.9033e-24,0.25917,0.25917
1.7045e-23,1.7044e-23,1.8611e-23,1.8611e-23,1.4551e-23,1.4551e-23,1.1849e-23,1.1849e-23,0.030383,0.030383,0.022662,0.022662,0.013719,0.013719,0.0038251,0.0038251,0.49224,0.49224,0.065502,0.065502,0.12889,0.12889,0.022744,0.022744,0.19231,0.19231,0.73307,0.73307,2.6676e-24,2.6676e-24,8.9497e-24,8.9496e-24,0.20939,0.20939,1.3245e-24,1.3245e-24,0.24223,0.24223,0.13718,0.13718,0.046584,0.046584,3.8314e-23,3.8314e-23,1.3846e-23,1.3846e-23,1.0382e-23,1.0382e-23,0.24327,0.24327
6.6698e-24,6.6698e-24,2.8403e-24,2.8403e-24,4.1442e-25,4.1442e-25,1.359e-25,1.3589e-25,0.0284,0.0284,0.021138,0.021138,0.012729,0.012729,0.0034176,0.0034176,0.48299,0.48299,0.066,0.066,0.12511,0.12511,0.026765,0.026765,0.17332,0.17332,0.6666,0.6666,2.4274e-26,2.4275e-26,3.6706e-26,3.6707e-26,0.19669,0.19669,1.193e-26,1.193e-26,0.22486,0.22486,0.13079,0.13079,0.049534,0.049534,1.5505e-24,1.5507e-24,1.8259e-25,1.8259e-25,1.8319e-25,1.8318e-25,0.22821,0.22821
1.5438e-20,1.5438e-20,6.8907e-21,6.8907e-21,5.2507e-22,5.2507e-22,2.5783e-22,2.5783e-22,0.026665,0.026665,0.019787,0.019787,0.011823,0.011823,0.0029981,0.0029981,0.47201,0.47201,0.066773,0.066773,0.12173,0.12173,0.030391,0.030391,0.15607,0.15607,0.60574,0.60574,4.1961e-23,4.1961e-23,6.3832e-23,6.3832e-23,0.18424,0.18424,2.1132e-23,2.1132e-23,0.20858,0.20858,0.12452,0.12452,0.051803,0.051803,8.3363e-20,8.3363e-20,5.6065e-22,5.6065e-22,2.2476e-22,2.2476e-22,0.21405,0.21405
2.885e-23,2.885e-23,1.8105e-23,1.8105e-23,1.1851e-23,1.1851e-23,7.5056e-24,7.5056e-24,0.025156,0.025156,0.018598,0.018598,0.011007,0.011007,0.0025869,0.0025869,0.45961,0.45961,0.067688,0.067688,0.11864,0.11864,0.033629,0.033629,0.14054,0.14054,0.55052,0.55052,9.5805e-25,9.5805e-25,1.3749e-24,1.3749e-24,0.17227,0.17227,4.5558e-25,4.5558e-25,0.19338,0.19338,0.11836,0.11836,0.053359,0.053359,0.00032101,0.00032101,7.207e-24,7.207e-24,4.1055e-24,4.1055e-24,0.20066,0.20066
0.0015156,0.0015156,4.5318e-24,4.5318e-24,2.0231e-24,2.0231e-24,8.4111e-24,8.411e-24,0.02368,0.02368,0.017531,0.017531,0.010408,0.010408,0.0024908,0.0024908,0.44321,0.44321,0.066077,0.066077,0.11602,0.11602,0.035096,0.035096,0.12844,0.12844,0.50427,0.50427,1.0763e-25,1.0763e-25,1.5069e-24,1.5069e-24,0.16156,0.16156,7.2577e-26,7.2577e-26,0.17908,0.17908,0.1115,0.1115,0.052675,0.052675,0.0045755,0.0045755,1.8302e-24,1.8301e-24,2.9831e-24,2.983e-24,0.18611,0.18611
0.0049208,0.0049208,6.8459e-23,6.8352e-23,1.6224e-26,1.6172e-26,8.3885e-26,8.3692e-26,0.022161,0.022161,0.016522,0.016522,0.0099783,0.0099783,0.0026851,0.0026851,0.42087,0.42087,0.061948,0.061948,0.11298,0.11298,0.034864,0.034864,0.11933,0.11933,0.46577,0.46577,6.0917e-28,6.0917e-28,5.3696e-27,5.3808e-27,0.15124,0.15124,4.8069e-28,4.8069e-28,0.16662,0.16662,0.10527,0.10527,0.051608,0.051608,0.0076236,0.0076236,8.4845e-27,8.509e-27,1.806e-26,1.8197e-26,0.1736,0.1736
0.0079975,0.0079975,3.2959e-21,3.2959e-21,1.3675e-23,1.3675e-23,3.1059e-24,3.1059e-24,0.020831,0.020831,0.015633,0.015633,0.0095919,0.0095919,0.0028393,0.0028393,0.39744,0.39744,0.058398,0.058398,0.10955,0.10955,0.034648,0.034648,0.11144,0.11144,0.43227,0.43227,9.9479e-26,9.9479e-26,2.1288e-24,2.1288e-24,0.14153,0.14153,4.361e-26,4.361e-26,0.15537,0.15537,0.09953,0.09953,0.050478,0.050478,0.010192,0.010192,1.1099e-24,1.1099e-24,5.8816e-25,5.8816e-25,0.16247,0.16247
0.0099412,0.0099412,0.0010632,0.0010632,2.2571e-22,2.2571e-22,1.9844e-23,1.9844e-23,0.019647,0.019647,0.014842,0.014842,0.0092483,0.0092483,0.0029776,0.0029776,0.37339,0.37339,0.05516,0.05516,0.10581,0.10581,0.034349,0.034349,0.10467,0.10467,0.40315,0.40315,1.954e-25,1.954e-25,2.5565e-24,2.5565e-24,0.13241,0.13241,8.3508e-26,8.3508e-26,0.14522,0.14522,0.094244,0.094244,0.049297,0.049297,0.012322,0.012322,2.9363e-24,2.9363e-24,1.2239e-24,1.2239e-24,0.15258,0.15258
0.010985,0.010985,0.0029218,0.0029218,1.0153e-22,1.0154e-22,6.3426e-24,6.3426e-24,0.018588,0.018588,0.014135,0.014135,0.0089414,0.0089414,0.0031024,0.0031024,0.3493,0.3493,0.052198,0.052198,0.10185,0.10185,0.033993,0.033993,0.098851,0.098851,0.37774,0.37774,1.2577e-25,1.2577e-25,3.7909e-23,3.791e-23,0.12384,0.12384,7.0188e-26,7.0188e-26,0.13606,0.13606,0.089378,0.089378,0.048093,0.048093,0.014085,0.014085,7.0824e-24,7.0824e-24,1.251e-24,1.2511e-24,0.14375,0.14375
0.011941,0.011941,0.0045849,0.0045849,4.6765e-30,4.6765e-30,1.2068e-31,1.2624e-31,0.01765,0.01765,0.013505,0.013505,0.008663,0.008663,0.0032034,0.0032034,0.32581,0.32581,0.049616,0.049616,0.09771,0.09771,0.033675,0.033675,0.093772,0.093772,0.35541,0.35541,2.7453e-33,2.8712e-33,1.0449e-30,9.5946e-31,0.11588,0.11588,9.7578e-34,1.021e-33,0.12777,0.12777,0.084904,0.084904,0.046899,0.046899,0.01557,0.01557,2.8176e-31,2.6948e-31,4.8053e-32,4.5202e-32,0.13586,0.13586
0.012837,0.012837,0.0060885,0.0060885,2.2957e-29,2.2957e-29,1.4838e-31,1.4838e-31,0.016813,0.016813,0.012941,0.012941,0.0084086,0.0084086,0.0032844,0.0032844,0.30334,0.30334,0.047366,0.047366,0.093473,0.093473,0.033396,0.033396,0.089324,0.089324,0.33576,0.33576,3.6668e-33,3.6668e-33,1.4098e-30,1.2398e-30,0.10899,0.10899,1.4196e-33,1.4196e-33,0.12033,0.12033,0.080833,0.080833,0.045746,0.045746,0.016825,0.016825,3.2779e-31,3.2779e-31,7.2188e-32,6.0715e-32,0.12885,0.12885
0.013694,0.013694,0.0074656,0.0074656,4.2671e-17,4.2671e-17,1.647e-20,1.647e-20,0.016063,0.016063,0.012431,0.012431,0.008174,0.008174,0.0033483,0.0033483,0.28205,0.28205,0.045399,0.045399,0.08918,0.08918,0.033151,0.033151,0.085404,0.085404,0.31838,0.31838,1.3509e-21,1.3509e-21,4.3587e-19,4.3587e-19,0.10331,0.10331,3.2873e-22,3.2873e-22,0.11366,0.11366,0.077126,0.077126,0.044641,0.044641,0.017889,0.017889,9.2193e-20,9.2193e-20,5.7718e-21,5.7718e-21,0.12261,0.12261
0.014522,0.014522,0.0087427,0.0087427,1.0924e-22,1.0925e-22,1.0545e-27,1.0545e-27,0.015384,0.015384,0.011967,0.011967,0.007955,0.007955,0.0033967,0.0033967,0.26198,0.26198,0.043669,0.043669,0.084871,0.084871,0.032932,0.032932,0.081927,0.081927,0.30289,0.30289,6.6425e-29,6.6425e-29,9.0465e-29,9.0465e-29,0.098506,0.098506,2.8406e-29,2.8412e-29,0.10765,0.10765,0.073737,0.073737,0.043582,0.043582,0.018794,0.018794,1.6443e-27,1.6441e-27,5.1572e-28,5.1563e-28,0.11703,0.11703
0.014912,0.014912,0.0095385,0.0095385,0.0010841,0.0010841,2.6764e-22,2.6764e-22,0.014753,0.014753,0.011534,0.011534,0.0077475,0.0077475,0.0034361,0.0034361,0.24312,0.24312,0.042039,0.042039,0.080602,0.080602,0.032657,0.032657,0.078863,0.078863,0.28908,0.28908,2.6386e-24,2.6386e-24,3.9966e-23,3.9966e-23,0.094347,0.094347,8.6174e-25,8.6175e-25,0.10221,0.10221,0.070631,0.070631,0.04256,0.04256,0.019543,0.019543,7.6072e-22,7.6072e-22,2.8592e-23,2.8592e-23,0.11203,0.11203
0.015248,0.015248,0.010231,0.010231,0.002285,0.002285,8.0882e-21,8.0882e-21,0.014166,0.014166,0.011127,0.011127,0.0075469,0.0075469,0.0034619,0.0034619,0.22558,0.22558,0.040549,0.040549,0.076425,0.076425,0.032374,0.032374,0.076072,0.076072,0.27645,0.27645,4.9723e-23,4.9723e-23,3.957e-21,3.957e-21,0.090708,0.090708,3.6566e-24,3.6566e-24,0.097256,0.097256,0.067764,0.067764,0.041578,0.041578,0.020175,0.020175,4.4747e-19,4.4747e-19,7.1726e-22,7.1726e-22,0.10749,0.10749
0.015614,0.015614,0.010909,0.010909,0.0034026,0.0034026,8.8496e-28,8.4215e-28,0.013609,0.013609,0.010735,0.010735,0.0073463,0.0073463,0.0034718,0.0034718,0.2097,0.2097,0.039156,0.039156,0.072538,0.072538,0.032059,0.032059,0.073359,0.073359,0.26426,0.26426,1.1982e-29,1.1982e-29,5.4233e-28,5.6348e-28,0.087559,0.087559,7.0156e-31,7.0156e-31,0.092693,0.092693,0.065093,0.065093,0.040624,0.040624,0.020705,0.020705,1.0786e-24,1.0786e-24,1.7473e-28,1.7171e-28,0.1033,0.1033
0.016009,0.016009,0.011576,0.011576,0.0044486,0.0044486,2.3689e-31,2.7853e-31,0.013076,0.013076,0.010356,0.010356,0.0071444,0.0071444,0.0034667,0.0034667,0.19536,0.19536,0.037841,0.037841,0.068958,0.068958,0.031709,0.031709,0.070687,0.070687,0.25236,0.25236,1.2832e-32,1.0855e-32,1.4574e-32,1.4574e-32,0.084808,0.084808,4.4723e-33,3.7675e-33,0.088471,0.088471,0.062591,0.062591,0.039694,0.039694,0.021139,0.021139,3.2142e-27,3.2142e-27,1.5193e-31,1.2829e-31,0.099414,0.099414
0.016426,0.016426,0.012229,0.012229,0.005428,0.005428,3.4157e-23,3.4157e-23,0.012568,0.012568,0.0099902,0.0099902,0.0069433,0.0069433,0.0034491,0.0034491,0.18239,0.18239,0.036602,0.036602,0.065665,0.065665,0.03133,0.03133,0.068073,0.068073,0.24082,0.24082,1.0644e-24,1.0644e-24,1.4243e-24,1.4243e-24,0.082401,0.082401,4.3422e-25,4.3422e-25,0.084539,0.084539,0.060217,0.060217,0.038745,0.038745,0.021425,0.021425,0.00028363,0.00028363,1.3679e-23,1.3679e-23,0.095728,0.095728
0.016857,0.016857,0.012868,0.012868,0.0063465,0.0063465,5.541e-31,5.541e-31,0.012085,0.012085,0.0096383,0.0096383,0.0067442,0.0067442,0.0034209,0.0034209,0.17061,0.17061,0.035435,0.035435,0.062636,0.062636,0.030931,0.030931,0.065527,0.065527,0.22967,0.22967,1.6589e-33,1.167e-33,2.8539e-33,2.2177e-33,0.080295,0.080295,6.6969e-34,6.6969e-34,0.080853,0.080853,0.057939,0.057939,0.03775,0.03775,0.021534,0.021534,0.0010163,0.0010163,2.6176e-32,2.6176e-32,0.092175,0.092175
0.017305,0.017305,0.013498,0.013498,0.0072185,0.0072185,1.3725e-26,1.3214e-26,0.011622,0.011622,0.0092971,0.0092971,0.0065457,0.0065457,0.0033828,0.0033828,0.15985,0.15985,0.034324,0.034324,0.059846,0.059846,0.030505,0.030505,0.06302,0.06302,0.2188,0.2188,2.344e-30,2.3126e-30,3.6265e-30,3.6265e-30,0.078395,0.078395,9.4901e-31,9.2675e-31,0.077402,0.077402,0.055783,0.055783,0.036778,0.036778,0.021585,0.021585,0.0016745,0.0016745,1.2705e-27,1.2705e-27,0.088839,0.088839
0.017749,0.017749,0.014106,0.014106,0.0080402,0.0080402,1.7993e-24,1.7993e-24,0.011175,0.011175,0.0089648,0.0089648,0.0063475,0.0063475,0.003336,0.003336,0.15016,0.15016,0.033244,0.033244,0.057352,0.057352,0.030042,0.030042,0.06051,0.06051,0.20807,0.20807,6.1895e-29,6.1895e-29,4.0933e-27,4.0933e-27,0.076656,0.076656,2.3324e-29,2.3235e-29,0.074123,0.074123,0.053714,0.053714,0.035817,0.035817,0.021581,0.021581,0.0022638,0.0022638,4.7235e-25,4.755e-25,0.085657,0.085657
0.018182,0.018182,0.014685,0.014685,0.0088099,0.0088099,1.0214e-16,1.0214e-16,0.010747,0.010747,0.0086429,0.0086429,0.0061516,0.0061516,0.0032826,0.0032826,0.1414,0.1414,0.032196,0.032196,0.055139,0.055139,0.029548,0.029548,0.058006,0.058006,0.1975,0.1975,1.9026e-22,1.9026e-22,2.507e-22,2.507e-22,0.075074,0.075074,7.4568e-23,7.4568e-23,0.071001,0.071001,0.051725,0.051725,0.034866,0.034866,0.021524,0.021524,0.0027875,0.0027875,4.2748e-21,4.2748e-21,0.082612,0.082612
0.018485,0.018485,0.015124,0.015124,0.0094287,0.0094287,0.00052775,0.00052775,0.010333,0.010333,0.0083296,0.0083296,0.0059574,0.0059574,0.0032237,0.0032237,0.13348,0.13348,0.031152,0.031152,0.053199,0.053199,0.029,0.029,0.055544,0.055544,0.18721,0.18721,1.1139e-27,1.1139e-27,1.4705e-27,1.4702e-27,0.073658,0.073658,4.3237e-28,4.3241e-28,0.068041,0.068041,0.049819,0.049819,0.033925,0.033925,0.021412,0.021412,0.0032437,0.0032437,3.7948e-26,3.7957e-26,0.079713,0.079713
0.018729,0.018729,0.015491,0.015491,0.0099614,0.0099614,0.0012422,0.0012422,0.0099382,0.0099382,0.0080291,0.0080291,0.0057686,0.0057686,0.0031622,0.0031622,0.12628,0.12628,0.030135,0.030135,0.051484,0.051484,0.02843,0.02843,0.053137,0.053137,0.17725,0.17725,8.4981e-29,8.5044e-29,1.3236e-27,1.3236e-27,0.072434,0.072434,3.2438e-29,3.246e-29,0.065236,0.065236,0.047995,0.047995,0.032999,0.032999,0.021257,0.021257,0.0036402,0.0036402,4.5145e-25,4.5145e-25,0.076955,0.076955
0.018958,0.018958,0.015832,0.015832,0.010453,0.010453,0.0018984,0.0018984,0.0095675,0.0095675,0.0077457,0.0077457,0.005589,0.005589,0.0031013,0.0031013,0.11968,0.11968,0.029168,0.029168,0.049951,0.049951,0.027868,0.027868,0.050811,0.050811,0.16771,0.16771,4.2514e-33,7.2001e-33,1.7115e-32,1.7115e-32,0.071405,0.071405,2.7062e-33,3.0481e-33,0.062581,0.062581,0.046253,0.046253,0.032093,0.032093,0.021067,0.021067,0.0039839,0.0039839,6.8195e-28,4.8226e-28,0.074335,0.074335
0.019156,0.019156,0.016135,0.016135,0.010896,0.010896,0.002499,0.002499,0.0092256,0.0092256,0.0074839,0.0074839,0.0054226,0.0054226,0.0030439,0.0030439,0.11364,0.11364,0.028264,0.028264,0.048542,0.048542,0.027332,0.027332,0.048635,0.048635,0.15885,0.15885,4.3959e-31,4.3171e-31,1.3315e-28,1.3571e-28,0.070473,0.070473,1.5779e-31,1.5779e-31,0.060069,0.060069,0.044591,0.044591,0.031209,0.031209,0.020848,0.020848,0.0042803,0.0042803,1.748e-25,1.748e-25,0.071852,0.071852
0.019319,0.019319,0.016394,0.016394,0.01129,0.01129,0.003047,0.003047,0.0089123,0.0089123,0.0072439,0.0072439,0.00527,0.00527,0.0029912,0.0029912,0.10811,0.10811,0.027424,0.027424,0.047241,0.047241,0.026828,0.026828,0.046617,0.046617,0.15071,0.15071,4.7352e-32,4.7352e-32,6.4242e-32,6.4242e-32,0.06961,0.06961,1.5076e-32,1.78e-32,0.057697,0.057697,0.04301,0.04301,0.030352,0.030352,0.020608,0.020608,0.0045346,0.0045346,9.0183e-27,9.0183e-27,0.069505,0.069505
0.019447,0.019447,0.016613,0.016613,0.011637,0.011637,0.0035457,0.0035457,0.0086257,0.0086257,0.0070245,0.0070245,0.0051307,0.0051307,0.0029435,0.0029435,0.10305,0.10305,0.026643,0.026643,0.04604,0.04604,0.026358,0.026358,0.044748,0.044748,0.14322,0.14322,3.6363e-34,3.6363e-34,4.7003e-34,3.1328e-34,0.068816,0.068816,1.7837e-34,1.3587e-34,0.05546,0.05546,0.041508,0.041508,0.029523,0.029523,0.020352,0.020352,0.0047517,0.0047517,4.0236e-28,2.0057e-28,0.067287,0.067287
0.019537,0.019537,0.016788,0.016788,0.011936,0.011936,0.0039949,0.0039949,0.0083659,0.0083659,0.006826,0.006826,0.0050054,0.0050054,0.002902,0.002902,0.098435,0.098435,0.025922,0.025922,0.044941,0.044941,0.025925,0.025925,0.043029,0.043029,0.13636,0.13636,1.407e-23,1.407e-23,1.8292e-23,1.8292e-23,0.068118,0.068118,5.23e-24,5.23e-24,0.053357,0.053357,0.040076,0.040076,0.028698,0.028698,0.020034,0.020034,0.0049023,0.0049023,0.00022656,0.00022656,0.065128,0.065128
0.019623,0.019623,0.016953,0.016953,0.012216,0.012216,0.0044173,0.0044173,0.0081302,0.0081302,0.0066462,0.0066462,0.004892,0.004892,0.0028647,0.0028647,0.094222,0.094222,0.025262,0.025262,0.043926,0.043926,0.025529,0.025529,0.041449,0.041449,0.13011,0.13011,1.954e-21,1.954e-21,4.6077e-21,4.6077e-21,0.067418,0.067418,7.2301e-22,7.2301e-22,0.051406,0.051406,0.038738,0.038738,0.027903,0.027903,0.019681,0.019681,0.0050063,0.0050063,0.00049603,0.00049603,0.063022,0.063022
0.019672,0.019672,0.017078,0.017078,0.012455,0.012455,0.0047996,0.0047996,0.0079203,0.0079203,0.0064868,0.0064868,0.0047929,0.0047929,0.0028343,0.0028343,0.090315,0.090315,0.024668,0.024668,0.042931,0.042931,0.025183,0.025183,0.040047,0.040047,0.12456,0.12456,3.6291e-28,3.6304e-28,2.5638e-27,2.5625e-27,0.066599,0.066599,1.3329e-28,1.3329e-28,0.049598,0.049598,0.037491,0.037491,0.027154,0.027154,0.019338,0.019338,0.0050902,0.0050902,0.00073505,0.00073505,0.061069,0.061069
0.019685,0.019685,0.017163,0.017163,0.012653,0.012653,0.0051444,0.0051444,0.007734,0.007734,0.0063464,0.0063464,0.0047069,0.0047069,0.0028106,0.0028106,0.086684,0.086684,0.024135,0.024135,0.041944,0.041944,0.024886,0.024886,0.038814,0.038814,0.11969,0.11969,6.7738e-29,6.7867e-29,8.8174e-29,8.8012e-29,0.065657,0.065657,2.4937e-29,2.4937e-29,0.047925,0.047925,0.036331,0.036331,0.026452,0.026452,0.019007,0.019007,0.0051583,0.0051583,0.00094882,0.00094882,0.059261,0.059261
0.019666,0.019666,0.017214,0.017214,0.012815,0.012815,0.0054555,0.0054555,0.0075684,0.0075684,0.0062226,0.0062226,0.0046326,0.0046326,0.0027925,0.0027925,0.083311,0.083311,0.023657,0.023657,0.040968,0.040968,0.024632,0.024632,0.037731,0.037731,0.1154,0.1154,2.8494e-31,2.2062e-31,3.8047e-31,2.9967e-31,0.064602,0.064602,8.1772e-32,9.2642e-32,0.046376,0.046376,0.035253,0.035253,0.025793,0.025793,0.01869,0.01869,0.0052139,0.0052139,0.0011411,0.0011411,0.057585,0.057585
0.019618,0.019618,0.017233,0.017233,0.012944,0.012944,0.0057361,0.0057361,0.0074208,0.0074208,0.0061133,0.0061133,0.0045683,0.0045683,0.0027794,0.0027794,0.080178,0.080178,0.023227,0.023227,0.040006,0.040006,0.024415,0.024415,0.036781,0.036781,0.11164,0.11164,6.7571e-32,8.3685e-32,1.3764e-31,1.1742e-31,0.063445,0.063445,3.6021e-32,3.0584e-32,0.044941,0.044941,0.034251,0.034251,0.025177,0.025177,0.018388,0.018388,0.0052596,0.0052596,0.0013151,0.0013151,0.056027,0.056027
0.019546,0.019546,0.017226,0.017226,0.013045,0.013045,0.0059894,0.0059894,0.0072886,0.0072886,0.0060162,0.0060162,0.0045124,0.0045124,0.0027703,0.0027703,0.077254,0.077254,0.022838,0.022838,0.039056,0.039056,0.024231,0.024231,0.035945,0.035945,0.10831,0.10831,1.0693e-32,1.0693e-32,1.5804e-32,2.5921e-32,0.062221,0.062221,3.9097e-33,1.1901e-33,0.043613,0.043613,0.033321,0.033321,0.024602,0.024602,0.018102,0.018102,0.0052973,0.0052973,0.0014732,0.0014732,0.054576,0.054576
0.019459,0.019459,0.0172,0.0172,0.013125,0.013125,0.0062194,0.0062194,0.0071682,0.0071682,0.0059284,0.0059284,0.0044628,0.0044628,0.0027638,0.0027638,0.074485,0.074485,0.022484,0.022484,0.038113,0.038113,0.024072,0.024072,0.035197,0.035197,0.10532,0.10532,5.1344e-24,5.1344e-24,8.5161e-24,8.5161e-24,0.061038,0.061038,1.8778e-24,1.8778e-24,0.042392,0.042392,0.032463,0.032463,0.024067,0.024067,0.01783,0.01783,0.0053281,0.0053281,0.0016172,0.0016172,0.053229,0.053229
0.01936,0.01936,0.01716,0.01716,0.013186,0.013186,0.0064291,0.0064291,0.0070577,0.0070577,0.0058482,0.0058482,0.004418,0.004418,0.0027591,0.0027591,0.071849,0.071849,0.022159,0.022159,0.037176,0.037176,0.023935,0.023935,0.034524,0.034524,0.10261,0.10261,8.4612e-33,7.4497e-33,1.7676e-32,1.2614e-32,0.059916,0.059916,2.7592e-33,2.7592e-33,0.041268,0.041268,0.03167,0.03167,0.02357,0.02357,0.017574,0.017574,0.0053535,0.0053535,0.0017489,0.0017489,0.051976,0.051976
0.019251,0.019251,0.017108,0.017108,0.013233,0.013233,0.0066209,0.0066209,0.0069554,0.0069554,0.0057743,0.0057743,0.0043772,0.0043772,0.0027557,0.0027557,0.069337,0.069337,0.02186,0.02186,0.036246,0.036246,0.023815,0.023815,0.033916,0.033916,0.10014,0.10014,1.1953e-27,1.1973e-27,3.3175e-27,3.3175e-27,0.058844,0.058844,4.7788e-28,4.7719e-28,0.040232,0.040232,0.030937,0.030937,0.023106,0.023106,0.01733,0.01733,0.0053747,0.0053747,0.0018702,0.0018702,0.050804,0.050804
0.019137,0.019137,0.017047,0.017047,0.013267,0.013267,0.0067968,0.0067968,0.0068602,0.0068602,0.0057056,0.0057056,0.0043395,0.0043395,0.0027528,0.0027528,0.066941,0.066941,0.021584,0.021584,0.035324,0.035324,0.023709,0.023709,0.033365,0.033365,0.097891,0.097891,1.2505e-28,1.2505e-28,4.9786e-28,4.9786e-28,0.057815,0.057815,6.5973e-29,6.5973e-29,0.039272,0.039272,0.030255,0.030255,0.022674,0.022674,0.0171,0.0171,0.0053927,0.0053927,0.0019828,0.0019828,0.049704,0.049704
0.019019,0.019019,0.01698,0.01698,0.013291,0.013291,0.0069591,0.0069591,0.00677,0.00677,0.0056405,0.0056405,0.0043035,0.0043035,0.0027497,0.0027497,0.064651,0.064651,0.021326,0.021326,0.034414,0.034414,0.023611,0.023611,0.032857,0.032857,0.095805,0.095805,1.7321e-29,1.758e-29,9.0084e-29,9.0084e-29,0.056835,0.056835,1.5883e-29,1.5536e-29,0.038379,0.038379,0.02962,0.02962,0.022267,0.022267,0.01688,0.01688,0.0054082,0.0054082,0.0020881,0.0020881,0.048665,0.048665
0.018914,0.018914,0.016922,0.016922,0.013318,0.013318,0.0071159,0.0071159,0.006682,0.006682,0.0055764,0.0055764,0.0042672,0.0042672,0.0027447,0.0027447,0.062458,0.062458,0.021078,0.021078,0.033532,0.033532,0.023512,0.023512,0.032361,0.032361,0.093775,0.093775,3.125e-22,3.125e-22,1.6747e-21,1.6747e-21,0.055957,0.055957,5.0933e-22,5.0933e-22,0.037546,0.037546,0.029025,0.029025,0.021884,0.021884,0.016665,0.016665,0.0054189,0.0054189,0.0021831,0.0021831,0.047661,0.047661
0.018816,0.018816,0.016868,0.016868,0.013345,0.013345,0.0072645,0.0072645,0.0065954,0.0065954,0.0055127,0.0055127,0.0042303,0.0042303,0.002738,0.002738,0.060353,0.060353,0.020836,0.020836,0.032679,0.032679,0.023409,0.023409,0.03187,0.03187,0.091779,0.091779,3.1969e-30,3.0671e-30,1.3846e-29,1.4494e-29,0.055187,0.055187,8.1148e-30,8.1148e-30,0.036762,0.036762,0.028464,0.028464,0.021518,0.021518,0.016456,0.016456,0.0054266,0.0054266,0.0022715,0.0022715,0.046698,0.046698
0.018724,0.018724,0.016818,0.016818,0.01337,0.01337,0.0074053,0.0074053,0.0065102,0.0065102,0.0054495,0.0054495,0.0041928,0.0041928,0.0027296,0.0027296,0.058332,0.058332,0.0206,0.0206,0.031852,0.031852,0.023303,0.023303,0.031384,0.031384,0.089814,0.089814,6.5155e-30,6.5155e-30,2.4516e-29,2.3218e-29,0.054511,0.054511,2.5159e-29,2.5159e-29,0.036019,0.036019,0.027931,0.027931,0.021169,0.021169,0.016253,0.016253,0.005432,0.005432,0.0023542,0.0023542,0.045772,0.045772
0.018639,0.018639,0.016772,0.016772,0.013395,0.013395,0.0075391,0.0075391,0.0064264,0.0064264,0.0053867,0.0053867,0.0041546,0.0041546,0.0027195,0.0027195,0.05639,0.05639,0.02037,0.02037,0.031051,0.031051,0.023192,0.023192,0.030904,0.030904,0.087881,0.087881,7.3111e-22,7.3111e-22,1.9851e-21,1.9851e-21,0.053915,0.053915,4.1881e-21,4.1881e-21,0.035312,0.035312,0.027422,0.027422,0.020833,0.020833,0.016054,0.016054,0.0054351,0.0054351,0.0024318,0.0024318,0.04488,0.04488
0.018563,0.018563,0.016732,0.016732,0.01342,0.01342,0.0076673,0.0076673,0.0063439,0.0063439,0.0053243,0.0053243,0.0041159,0.0041159,0.0027077,0.0027077,0.054531,0.054531,0.020146,0.020146,0.030277,0.030277,0.023077,0.023077,0.030429,0.030429,0.085985,0.085985,5.2338e-30,4.7127e-30,9.6674e-30,8.3582e-30,0.053361,0.053361,3.7785e-29,3.7785e-29,0.034633,0.034633,0.026932,0.026932,0.020508,0.020508,0.015858,0.015858,0.005436,0.005436,0.0025047,0.0025047,0.044013,0.044013
0.018503,0.018503,0.016705,0.016705,0.013454,0.013454,0.0077956,0.0077956,0.0062633,0.0062633,0.0052629,0.0052629,0.0040769,0.0040769,0.0026943,0.0026943,0.05278,0.05278,0.01993,0.01993,0.029541,0.029541,0.022959,0.022959,0.029962,0.029962,0.084151,0.084151,2.0572e-30,2.0572e-30,3.7122e-30,3.0611e-30,0.052748,0.052748,2.7564e-29,2.7564e-29,0.033968,0.033968,0.026451,0.026451,0.020186,0.020186,0.015661,0.015661,0.0054331,0.0054331,0.0025714,0.0025714,0.043151,0.043151
0.01845,0.01845,0.016684,0.016684,0.01349,0.01349,0.0079189,0.0079189,0.0061851,0.0061851,0.0052028,0.0052028,0.0040381,0.0040381,0.0026798,0.0026798,0.051136,0.051136,0.019721,0.019721,0.028842,0.028842,0.022838,0.022838,0.029506,0.029506,0.082386,0.082386,1.5247e-32,2.5758e-32,2.5044e-31,3.7018e-29,0.052064,0.052064,7.7177e-33,7.638e-33,0.033312,0.033312,0.025977,0.025977,0.019869,0.019869,0.015465,0.015465,0.0054285,0.0054285,0.0026349,0.0026349,0.042304,0.042304
0.018403,0.018403,0.016666,0.016666,0.013525,0.013525,0.0080373,0.0080373,0.0061092,0.0061092,0.005144,0.005144,0.0039996,0.0039996,0.0026646,0.0026646,0.049592,0.049592,0.019519,0.019519,0.028178,0.028178,0.022715,0.022715,0.029062,0.029062,0.080689,0.080689,2.2555e-22,2.2555e-22,2.871e-22,2.871e-22,0.051313,0.051313,8.2028e-23,8.2027e-23,0.032665,0.032665,0.025509,0.025509,0.019555,0.019555,0.015271,0.015271,0.0054221,0.0054221,0.0026952,0.0026952,0.041472,0.041472
0.018362,0.018362,0.016653,0.016653,0.013561,0.013561,0.0081509,0.0081509,0.0060355,0.0060355,0.0050867,0.0050867,0.0039616,0.0039616,0.0026486,0.0026486,0.048143,0.048143,0.019323,0.019323,0.027549,0.027549,0.022589,0.022589,0.028631,0.028631,0.079059,0.079059,2.3613e-27,2.378e-27,3.0047e-27,2.9943e-27,0.0505,0.0505,8.6062e-28,8.5788e-28,0.032028,0.032028,0.025047,0.025047,0.019245,0.019245,0.015078,0.015078,0.0054139,0.0054139,0.0027523,0.0027523,0.040655,0.040655
0.018325,0.018325,0.016642,0.016642,0.013597,0.013597,0.0082596,0.0082596,0.0059644,0.0059644,0.005031,0.005031,0.0039242,0.0039242,0.0026322,0.0026322,0.046786,0.046786,0.019135,0.019135,0.026954,0.026954,0.022463,0.022463,0.028214,0.028214,0.077504,0.077504,2.5121e-26,2.5138e-26,3.1885e-26,3.1885e-26,0.049615,0.049615,9.1817e-27,9.1872e-27,0.031399,0.031399,0.024592,0.024592,0.018938,0.018938,0.014887,0.014887,0.0054041,0.0054041,0.0028066,0.0028066,0.039855,0.039855
0.018291,0.018291,0.016632,0.016632,0.013631,0.013631,0.0083629,0.0083629,0.0058969,0.0058969,0.004978,0.004978,0.0038883,0.0038883,0.002616,0.002616,0.045537,0.045537,0.018956,0.018956,0.026396,0.026396,0.022339,0.022339,0.02782,0.02782,0.076062,0.076062,1.2315e-31,9.0351e-32,1.3543e-31,1.1493e-31,0.048607,0.048607,3.8996e-32,2.8301e-32,0.030775,0.030775,0.02414,0.02414,0.018634,0.018634,0.014698,0.014698,0.0053932,0.0053932,0.0028586,0.0028586,0.039069,0.039069
0.018261,0.018261,0.016625,0.016625,0.013666,0.013666,0.0084626,0.0084626,0.0058329,0.0058329,0.0049276,0.0049276,0.0038539,0.0038539,0.0025999,0.0025999,0.044393,0.044393,0.018787,0.018787,0.025873,0.025873,0.022217,0.022217,0.027451,0.027451,0.074735,0.074735,7.9753e-23,7.9753e-23,1.0118e-22,1.0118e-22,0.047473,0.047473,2.9239e-23,2.9239e-23,0.030157,0.030157,0.023693,0.023693,0.018334,0.018334,0.014511,0.014511,0.0053808,0.0053808,0.0029079,0.0029079,0.038295,0.038295
0.018236,0.018236,0.016621,0.016621,0.013701,0.013701,0.0085595,0.0085595,0.0057722,0.0057722,0.0048795,0.0048795,0.0038208,0.0038208,0.002584,0.002584,0.043346,0.043346,0.018627,0.018627,0.025385,0.025385,0.022097,0.022097,0.027105,0.027105,0.073514,0.073514,1.911e-31,2.5678e-31,2.4237e-31,1.6023e-31,0.04623,0.04623,7.0355e-32,7.0355e-32,0.029547,0.029547,0.023251,0.023251,0.018037,0.018037,0.014326,0.014326,0.0053668,0.0053668,0.0029543,0.0029543,0.037534,0.037534
0.01821,0.01821,0.016616,0.016616,0.013734,0.013734,0.0086512,0.0086512,0.0057147,0.0057147,0.004834,0.004834,0.0037893,0.0037893,0.0025687,0.0025687,0.042389,0.042389,0.018476,0.018476,0.024929,0.024929,0.021981,0.021981,0.026781,0.026781,0.072395,0.072395,2.03e-22,2.03e-22,2.5735e-22,2.5736e-22,0.044901,0.044901,7.5096e-23,7.5091e-23,0.028938,0.028938,0.02281,0.02281,0.017742,0.017742,0.014147,0.014147,0.0053536,0.0053536,0.0030018,0.0030018,0.036804,0.036804
0.018187,0.018187,0.016613,0.016613,0.013765,0.013765,0.0087395,0.0087395,0.0056601,0.0056601,0.0047907,0.0047907,0.0037593,0.0037593,0.0025538,0.0025538,0.041511,0.041511,0.018332,0.018332,0.024503,0.024503,0.021867,0.021867,0.026476,0.026476,0.071363,0.071363,4.467e-31,4.467e-31,7.3252e-31,1.0612e-30,0.043511,0.043511,2.15e-31,3.0047e-31,0.028327,0.028327,0.022367,0.022367,0.017449,0.017449,0.013975,0.013975,0.0053415,0.0053415,0.0030517,0.0030517,0.036112,0.036112
0.018167,0.018167,0.016611,0.016611,0.013798,0.013798,0.0088256,0.0088256,0.0056076,0.0056076,0.004749,0.004749,0.0037302,0.0037302,0.0025392,0.0025392,0.040702,0.040702,0.018194,0.018194,0.024105,0.024105,0.021755,0.021755,0.026183,0.026183,0.07039,0.07039,6.3742e-31,6.3742e-31,4.7873e-31,4.7873e-31,0.042126,0.042126,1.5306e-31,3.2404e-31,0.027723,0.027723,0.021927,0.021927,0.017159,0.017159,0.013811,0.013811,0.0053309,0.0053309,0.0031037,0.0031037,0.035462,0.035462
0.018147,0.018147,0.016609,0.016609,0.013828,0.013828,0.008907,0.008907,0.0055566,0.0055566,0.0047083,0.0047083,0.0037016,0.0037016,0.0025245,0.0025245,0.039956,0.039956,0.018058,0.018058,0.023735,0.023735,0.02164,0.02164,0.0259,0.0259,0.069466,0.069466,5.1727e-25,5.1694e-25,6.5513e-25,6.5428e-25,0.040783,0.040783,1.943e-25,1.9525e-25,0.027144,0.027144,0.021505,0.021505,0.016881,0.016881,0.013653,0.013653,0.0053196,0.0053196,0.0031526,0.0031526,0.034838,0.034838
0.018126,0.018126,0.016605,0.016605,0.013855,0.013855,0.0089841,0.0089841,0.0055068,0.0055068,0.0046685,0.0046685,0.0036735,0.0036735,0.0025097,0.0025097,0.039268,0.039268,0.017924,0.017924,0.023392,0.023392,0.021524,0.021524,0.025624,0.025624,0.068588,0.068588,2.8714e-31,2.8714e-31,1.3336e-30,1.3336e-30,0.039485,0.039485,1.2876e-31,8.5991e-32,0.02659,0.02659,0.021101,0.021101,0.016613,0.016613,0.013499,0.013499,0.0053074,0.0053074,0.0031983,0.0031983,0.034239,0.034239
0.018105,0.018105,0.016601,0.016601,0.013881,0.013881,0.0090571,0.0090571,0.0054582,0.0054582,0.0046295,0.0046295,0.0036458,0.0036458,0.0024949,0.0024949,0.038633,0.038633,0.017793,0.017793,0.023073,0.023073,0.021406,0.021406,0.025356,0.025356,0.067751,0.067751,5.7497e-21,5.2807e-21,8.1377e-18,4.6842e-18,0.038232,0.038232,2.0523e-21,2.0299e-21,0.026059,0.026059,0.020714,0.020714,0.016356,0.016356,0.013351,0.013351,0.0052945,0.0052945,0.0032408,0.0032408,0.033662,0.033662
0.018083,0.018083,0.016595,0.016595,0.013904,0.013904,0.0091264,0.0091264,0.0054106,0.0054106,0.0045912,0.0045912,0.0036184,0.0036184,0.0024801,0.0024801,0.038047,0.038047,0.017663,0.017663,0.022777,0.022777,0.021286,0.021286,0.025095,0.025095,0.066952,0.066952,5.7485e-25,5.744e-25,6.6041e-22,6.5985e-22,0.037026,0.037026,1.9511e-25,1.9525e-25,0.025552,0.025552,0.020343,0.020343,0.016109,0.016109,0.013208,0.013208,0.0052807,0.0052807,0.00328,0.00328,0.033106,0.033106
0.018061,0.018061,0.016588,0.016588,0.013924,0.013924,0.0091923,0.0091923,0.0053639,0.0053639,0.0045536,0.0045536,0.0035914,0.0035914,0.0024653,0.0024653,0.037506,0.037506,0.017535,0.017535,0.022502,0.022502,0.021165,0.021165,0.02484,0.02484,0.066187,0.066187,9.1743e-33,9.1743e-33,1.3296e-29,8.058e-30,0.035869,0.035869,1.2102e-32,1.2102e-32,0.025067,0.025067,0.019988,0.019988,0.015872,0.015872,0.013068,0.013068,0.005266,0.005266,0.003316,0.003316,0.03257,0.03257
0.018037,0.018037,0.016579,0.016579,0.013943,0.013943,0.009255,0.009255,0.005318,0.005318,0.0045166,0.0045166,0.0035648,0.0035648,0.0024506,0.0024506,0.037005,0.037005,0.017407,0.017407,0.022245,0.022245,0.021042,0.021042,0.024589,0.024589,0.065453,0.065453,1.237e-21,1.2413e-21,6.1812e-19,6.192e-19,0.03476,0.03476,1.8209e-21,1.7986e-21,0.024604,0.024604,0.019648,0.019648,0.015644,0.015644,0.012932,0.012932,0.0052505,0.0052505,0.0033487,0.0033487,0.032053,0.032053
0.018013,0.018013,0.01657,0.01657,0.01396,0.01396,0.0093149,0.0093149,0.0052727,0.0052727,0.00448,0.00448,0.0035384,0.0035384,0.0024359,0.0024359,0.036541,0.036541,0.01728,0.01728,0.022006,0.022006,0.020917,0.020917,0.024343,0.024343,0.064746,0.064746,7.1825e-33,7.3038e-33,4.4776e-30,4.5538e-30,0.0337,0.0337,2.8129e-32,1.696e-32,0.024161,0.024161,0.019323,0.019323,0.015425,0.015425,0.0128,0.0128,0.0052339,0.0052339,0.0033782,0.0033782,0.031553,0.031553
0.017987,0.017987,0.016559,0.016559,0.013976,0.013976,0.0093724,0.0093724,0.005228,0.005228,0.0044439,0.0044439,0.0035123,0.0035123,0.0024213,0.0024213,0.03611,0.03611,0.017154,0.017154,0.021783,0.021783,0.020791,0.020791,0.024101,0.024101,0.064062,0.064062,1.9291e-20,1.9003e-20,6.0133e-18,5.8522e-18,0.032686,0.032686,2.5901e-20,2.6841e-20,0.023736,0.023736,0.019011,0.019011,0.015214,0.015214,0.012672,0.012672,0.0052169,0.0052169,0.0034053,0.0034053,0.031071,0.031071
