true,0//15,0//0,0.053014776,1.491262656,0.079861592,0.051133594,1.489499576,0.081089212,0.049415804,1.487621278,0.082321041,0.047833921,1.485646752,0.083555877,0.046360459,1.483594986,0.084792520,0.044967934,1.481484968,0.086029769,0.043628859,1.479335688,0.087266425,0.042315751,1.477166134,0.088501285,0.041001123,1.474995295,0.089733151,0.039657491,1.472842160,0.090960821,0.038257369,1.470725718,0.092183095,0.036773272,1.468664957,0.093398771,0.035179444,1.466677880,0.094606985,0.033492336,1.464758412,0.095815025,0.031772012,1.462875600,0.097038608,0.030080549,1.460997345,0.098293839,0.028480020,1.459091546,0.099596824,0.027032019,1.457126372,0.100963567,0.025763147,1.455089467,0.102402672,0.024641885,1.453000829,0.103910458,0.023631233,1.450883503,0.105482086,0.022694190,1.448760537,0.107112713,0.021793757,1.446654977,0.108797501,0.020892933,1.444589870,0.110531608,0.019954718,1.442588263,0.112310194,0.018942112,1.440673203,0.114128419,0.017818114,1.438867736,0.115981441,0.016545724,1.437194909,0.117864422,0.015087943,1.435677769,0.119772520,0.013407770,1.434339363,0.121700895,
false,1//15,0//0,0.052664245,1.491213423,0.079828881,0.050790879,1.489449070,0.081046748,0.049077203,1.487572103,0.082268540,0.047496671,1.485600968,0.083493314,0.046022737,1.483554111,0.084720131,0.044628854,1.481449975,0.085948047,0.043288476,1.479307008,0.087176123,0.041975058,1.477143654,0.088403415,0.040662052,1.474978360,0.089628983,0.039322912,1.472829569,0.090851885,0.037931093,1.470715728,0.092071180,0.036460047,1.468655283,0.093285926,0.034884862,1.466665747,0.094495496,0.033220966,1.464741665,0.095706989,0.031525831,1.462853661,0.096935530,0.029858903,1.460971235,0.098196620,0.028279628,1.459063886,0.099505760,0.026846972,1.457101380,0.100878343,0.025586302,1.455072075,0.102322574,0.024467687,1.452994988,0.103834865,0.023456026,1.450892008,0.105410530,0.022516217,1.448785025,0.107044882,0.021613158,1.446695929,0.108733237,0.020711747,1.444646608,0.110470908,0.019776882,1.442658953,0.112253208,0.018773462,1.440754853,0.114075453,0.017666385,1.438956197,0.115932955,0.016420548,1.437284874,0.117821030,0.015000851,1.435762775,0.119734990,0.013372192,1.434411788,0.121670151,
false,2//15,0//0,0.052313715,1.491164191,0.079796169,0.050448164,1.489398565,0.081004283,0.048738602,1.487522928,0.082216038,0.047159421,1.485555185,0.083430752,0.045685014,1.483513235,0.084647742,0.044289774,1.481414983,0.085866325,0.042948094,1.479278328,0.087085820,0.041634365,1.477121175,0.088305544,0.040322980,1.474961424,0.089524814,0.038988333,1.472816978,0.090742949,0.037604816,1.470705739,0.091959265,0.036146821,1.468645608,0.093173080,0.034590280,1.466653613,0.094384006,0.032949597,1.464724918,0.095598952,0.031279650,1.462831722,0.096832452,0.029637256,1.460945125,0.098099401,0.028079236,1.459036227,0.099414695,0.026661926,1.457076389,0.100793120,0.025409457,1.455054682,0.102242477,0.024293490,1.452989146,0.103759272,0.023280820,1.450900513,0.105338974,0.022338244,1.448809513,0.106977052,0.021432559,1.446736881,0.108668973,0.020530560,1.444703347,0.110410208,0.019599046,1.442729643,0.112196223,0.018604812,1.440836503,0.114022487,0.017514655,1.439044658,0.115884469,0.016295372,1.437374839,0.117777638,0.014913759,1.435847780,0.119697461,0.013336613,1.434484213,0.121639407,
false,3//15,0//0,0.051963184,1.491114958,0.079763458,0.050105449,1.489348059,0.080961819,0.048400000,1.487473754,0.082163537,0.046822171,1.485509401,0.083368190,0.045347292,1.483472360,0.084575353,0.043950694,1.481379990,0.085784604,0.042607711,1.479249649,0.086995518,0.041293672,1.477098695,0.088207674,0.039983909,1.474944488,0.089420646,0.038653754,1.472804386,0.090634013,0.037278539,1.470695749,0.091847350,0.035833596,1.468635934,0.093060234,0.034295697,1.466641480,0.094272517,0.032678228,1.464708171,0.095490916,0.031033469,1.462809783,0.096729374,0.029415610,1.460919015,0.098002182,0.027878844,1.459008567,0.099323630,0.026476879,1.457051397,0.100707897,0.025232613,1.455037290,0.102162379,0.024119292,1.452983305,0.103683679,0.023105614,1.450909017,0.105267418,0.022160271,1.448834001,0.106909221,0.021251959,1.446777832,0.108604710,0.020349374,1.444760085,0.110349508,0.019421210,1.442800333,0.112139237,0.018436163,1.440918153,0.113969521,0.017362926,1.439133118,0.115835983,0.016170196,1.437464804,0.117734245,0.014826667,1.435932786,0.119659931,0.013301035,1.434556637,0.121608663,
false,4//15,0//0,0.051612654,1.491065726,0.079730746,0.049762734,1.489297553,0.080919354,0.048061399,1.487424579,0.082111036,0.046484921,1.485463618,0.083305627,0.045009569,1.483431485,0.084502964,0.043611615,1.481344997,0.085702882,0.042267328,1.479220969,0.086905216,0.040952978,1.477076215,0.088109803,0.039644838,1.474927552,0.089316478,0.038319176,1.472791795,0.090525077,0.036952263,1.470685759,0.091735435,0.035520370,1.468626260,0.092947388,0.034001115,1.466629347,0.094161027,0.032406859,1.464691424,0.095382879,0.030787287,1.462787843,0.096626296,0.029193964,1.460892905,0.097904963,0.027678453,1.458980908,0.099232566,0.026291833,1.457026406,0.100622673,0.025055768,1.455019898,0.102082281,0.023945095,1.452977464,0.103608085,0.022930407,1.450917522,0.105195863,0.021982298,1.448858490,0.106841390,0.021071360,1.446818784,0.108540446,0.020168188,1.444816823,0.110288807,0.019243374,1.442871023,0.112082251,0.018267513,1.440999803,0.113916555,0.017211197,1.439221579,0.115787497,0.016045020,1.437554770,0.117690853,0.014739575,1.436017791,0.119622401,0.013265456,1.434629062,0.121577919,
false,5//15,0//0,0.051262123,1.491016493,0.079698035,0.049420019,1.489247047,0.080876889,0.047722798,1.487375404,0.082058534,0.046147671,1.485417834,0.083243065,0.044671847,1.483390610,0.084430575,0.043272535,1.481310005,0.085621160,0.041926945,1.479192289,0.086814914,0.040612285,1.477053736,0.088011932,0.039305766,1.474910617,0.089212310,0.037984597,1.472779204,0.090416141,0.036625986,1.470675769,0.091623520,0.035207144,1.468616585,0.092834542,0.033706533,1.466617214,0.094049538,0.032135490,1.464674677,0.095274843,0.030541106,1.462765904,0.096523218,0.028972318,1.460866795,0.097807744,0.027478061,1.458953248,0.099141501,0.026106786,1.457001415,0.100537450,0.024878923,1.455002505,0.102002184,0.023770898,1.452971622,0.103532492,0.022755201,1.450926027,0.105124307,0.021804325,1.448882978,0.106773560,0.020890761,1.446859736,0.108476183,0.019987002,1.444873561,0.110228107,0.019065539,1.442941713,0.112025266,0.018098863,1.441081453,0.113863590,0.017059468,1.439310040,0.115739011,0.015919844,1.437644735,0.117647461,0.014652483,1.436102797,0.119584872,0.013229878,1.434701487,0.121547175,
false,6//15,0//0,0.050911593,1.490967260,0.079665323,0.049077304,1.489196542,0.080834425,0.047384197,1.487326229,0.082006033,0.045810421,1.485372051,0.083180502,0.044334125,1.483349735,0.084358186,0.042933455,1.481275012,0.085539438,0.041586562,1.479163609,0.086724612,0.040271592,1.477031256,0.087914062,0.038966695,1.474893681,0.089108141,0.037650018,1.472766612,0.090307205,0.036299710,1.470665779,0.091511605,0.034893919,1.468606911,0.092721697,0.033411951,1.466605080,0.093938048,0.031864121,1.464657930,0.095166806,0.030294925,1.462743965,0.096420140,0.028750672,1.460840685,0.097710525,0.027277669,1.458925588,0.099050436,0.025921739,1.456976423,0.100452227,0.024702079,1.454985113,0.101922086,0.023596700,1.452965781,0.103456899,0.022579994,1.450934531,0.105052751,0.021626352,1.448907466,0.106705729,0.020710162,1.446900687,0.108411919,0.019805816,1.444930299,0.110167407,0.018887703,1.443012403,0.111968280,0.017930214,1.441163103,0.113810624,0.016907739,1.439398501,0.115690524,0.015794668,1.437734700,0.117604068,0.014565391,1.436187803,0.119547342,0.013194299,1.434773912,0.121516431,
false,7//15,0//0,0.050561062,1.490918028,0.079632612,0.048734589,1.489146036,0.080791960,0.047045596,1.487277054,0.081953532,0.045473171,1.485326267,0.083117940,0.043996402,1.483308860,0.084285797,0.042594376,1.481240019,0.085457716,0.041246179,1.479134930,0.086634310,0.039930899,1.477008776,0.087816191,0.038627623,1.474876745,0.089003973,0.037315439,1.472754021,0.090198268,0.035973433,1.470655790,0.091399690,0.034580693,1.468597237,0.092608851,0.033117369,1.466592947,0.093826558,0.031592752,1.464641183,0.095058770,0.030048744,1.462722026,0.096317062,0.028529026,1.460814575,0.097613306,0.027077278,1.458897929,0.098959372,0.025736693,1.456951432,0.100367003,0.024525234,1.454967720,0.101841988,0.023422503,1.452959940,0.103381305,0.022404788,1.450943036,0.104981195,0.021448378,1.448931954,0.106637898,0.020529563,1.446941639,0.108347655,0.019624629,1.444987037,0.110106707,0.018709867,1.443083093,0.111911295,0.017761564,1.441244753,0.113757658,0.016756009,1.439486962,0.115642038,0.015669491,1.437824665,0.117560676,0.014478299,1.436272808,0.119509812,0.013158721,1.434846337,0.121485687,
false,8//15,0//0,0.050210532,1.490868795,0.079599900,0.048391874,1.489095530,0.080749495,0.046706995,1.487227879,0.081901030,0.045135921,1.485280483,0.083055377,0.043658680,1.483267985,0.084213408,0.042255296,1.481205027,0.085375994,0.040905796,1.479106250,0.086544007,0.039590206,1.476986297,0.087718320,0.038288552,1.474859809,0.088899805,0.036980860,1.472741430,0.090089332,0.035647156,1.470645800,0.091287775,0.034267468,1.468587562,0.092496005,0.032822787,1.466580814,0.093715069,0.031321383,1.464624436,0.094950733,0.029802563,1.462700087,0.096213984,0.028307380,1.460788465,0.097516087,0.026876886,1.458870269,0.098868307,0.025551646,1.456926440,0.100281780,0.024348389,1.454950328,0.101761891,0.023248305,1.452954098,0.103305712,0.022229582,1.450951540,0.104909639,0.021270405,1.448956442,0.106570068,0.020348964,1.446982591,0.108283392,0.019443443,1.445043775,0.110046007,0.018532031,1.443153783,0.111854309,0.017592914,1.441326403,0.113704692,0.016604280,1.439575423,0.115593552,0.015544315,1.437914630,0.117517284,0.014391207,1.436357814,0.119472282,0.013123142,1.434918761,0.121454943,
false,9//15,0//0,0.049860001,1.490819563,0.079567189,0.048049159,1.489045025,0.080707031,0.046368394,1.487178704,0.081848529,0.044798672,1.485234700,0.082992815,0.043320957,1.483227110,0.084141019,0.041916216,1.481170034,0.085294272,0.040565413,1.479077570,0.086453705,0.039249512,1.476963817,0.087620450,0.037949480,1.474842873,0.088795637,0.036646281,1.472728838,0.089980396,0.035320880,1.470635810,0.091175860,0.033954242,1.468577888,0.092383159,0.032528205,1.466568681,0.093603579,0.031050013,1.464607689,0.094842697,0.029556381,1.462678147,0.096110907,0.028085733,1.460762355,0.097418868,0.026676494,1.458842609,0.098777242,0.025366600,1.456901449,0.100196556,0.024171544,1.454932935,0.101681793,0.023074108,1.452948257,0.103230119,0.022054375,1.450960045,0.104838084,0.021092432,1.448980930,0.106502237,0.020168364,1.447023543,0.108219128,0.019262257,1.445100513,0.109985307,0.018354195,1.443224473,0.111797323,0.017424265,1.441408053,0.113651726,0.016452551,1.439663884,0.115545066,0.015419139,1.438004596,0.117473891,0.014304115,1.436442820,0.119434753,0.013087564,1.434991186,0.121424199,
false,10//15,0//0,0.049509471,1.490770330,0.079534477,0.047706444,1.488994519,0.080664566,0.046029793,1.487129529,0.081796028,0.044461422,1.485188916,0.082930252,0.042983235,1.483186235,0.084068630,0.041577136,1.481135041,0.085212550,0.040225030,1.479048890,0.086363403,0.038908819,1.476941337,0.087522579,0.037610409,1.474825938,0.088691468,0.036311702,1.472716247,0.089871460,0.034994603,1.470625820,0.091063945,0.033641016,1.468568214,0.092270313,0.032233623,1.466556547,0.093492090,0.030778644,1.464590942,0.094734660,0.029310200,1.462656208,0.096007829,0.027864087,1.460736244,0.097321649,0.026476102,1.458814950,0.098686177,0.025181553,1.456876457,0.100111333,0.023994700,1.454915543,0.101601695,0.022899910,1.452942416,0.103154526,0.021879169,1.450968550,0.104766528,0.020914459,1.449005418,0.106434406,0.019987765,1.447064494,0.108154865,0.019081071,1.445157252,0.109924607,0.018176359,1.443295164,0.111740338,0.017255615,1.441489703,0.113598761,0.016300822,1.439752345,0.115496580,0.015293963,1.438094561,0.117430499,0.014217023,1.436527825,0.119397223,0.013051985,1.435063611,0.121393455,
false,11//15,0//0,0.049158940,1.490721097,0.079501766,0.047363728,1.488944013,0.080622102,0.045691191,1.487080355,0.081743527,0.044124172,1.485143133,0.082867690,0.042645513,1.483145360,0.083996241,0.041238057,1.481100049,0.085130828,0.039884647,1.479020210,0.086273101,0.038568126,1.476918858,0.087424709,0.037271337,1.474809002,0.088587300,0.035977123,1.472703656,0.089762524,0.034668327,1.470615831,0.090952030,0.033327791,1.468558539,0.092157468,0.031939041,1.466544414,0.093380600,0.030507275,1.464574195,0.094626624,0.029064019,1.462634269,0.095904751,0.027642441,1.460710134,0.097224430,0.026275711,1.458787290,0.098595113,0.024996506,1.456851466,0.100026110,0.023817855,1.454898150,0.101521598,0.022725713,1.452936574,0.103078932,0.021703962,1.450977054,0.104694972,0.020736486,1.449029906,0.106366576,0.019807166,1.447105446,0.108090601,0.018899884,1.445213990,0.109863907,0.017998523,1.443365854,0.111683352,0.017086965,1.441571354,0.113545795,0.016149092,1.439840806,0.115448094,0.015168787,1.438184526,0.117387107,0.014129931,1.436612831,0.119359693,0.013016407,1.435136036,0.121362711,
false,12//15,0//0,0.048808410,1.490671865,0.079469054,0.047021013,1.488893508,0.080579637,0.045352590,1.487031180,0.081691025,0.043786922,1.485097349,0.082805127,0.042307790,1.483104485,0.083923852,0.040898977,1.481065056,0.085049106,0.039544264,1.478991531,0.086182799,0.038227433,1.476896378,0.087326838,0.036932266,1.474792066,0.088483132,0.035642544,1.472691064,0.089653588,0.034342050,1.470605841,0.090840115,0.033014565,1.468548865,0.092044622,0.031644459,1.466532281,0.093269111,0.030235906,1.464557448,0.094518587,0.028817838,1.462612330,0.095801673,0.027420795,1.460684024,0.097127211,0.026075319,1.458759630,0.098504048,0.024811460,1.456826475,0.099940886,0.023641010,1.454880758,0.101441500,0.022551515,1.452930733,0.103003339,0.021528756,1.450985559,0.104623416,0.020558513,1.449054394,0.106298745,0.019626567,1.447146398,0.108026337,0.018718698,1.445270728,0.109803207,0.017820688,1.443436544,0.111626367,0.016918316,1.441653004,0.113492829,0.015997363,1.439929267,0.115399607,0.015043611,1.438274491,0.117343715,0.014042839,1.436697836,0.119322163,0.012980828,1.435208461,0.121331967,
false,13//15,0//0,0.048457879,1.490622632,0.079436343,0.046678298,1.488843002,0.080537172,0.045013989,1.486982005,0.081638524,0.043449672,1.485051566,0.082742565,0.041970068,1.483063610,0.083851463,0.040559897,1.481030063,0.084967384,0.039203881,1.478962851,0.086092497,0.037886740,1.476873898,0.087228967,0.036593194,1.474775130,0.088378964,0.035307965,1.472678473,0.089544652,0.034015773,1.470595851,0.090728201,0.032701340,1.468539190,0.091931776,0.031349877,1.466520147,0.093157621,0.029964537,1.464540701,0.094410551,0.028571657,1.462590391,0.095698595,0.027199149,1.460657914,0.097029992,0.025874927,1.458731971,0.098412983,0.024626413,1.456801483,0.099855663,0.023464165,1.454863365,0.101361402,0.022377318,1.452924892,0.102927746,0.021353550,1.450994064,0.104551861,0.020380540,1.449078882,0.106230914,0.019445968,1.447187349,0.107962074,0.018537512,1.445327466,0.109742507,0.017642852,1.443507234,0.111569381,0.016749666,1.441734654,0.113439863,0.015845634,1.440017727,0.115351121,0.014918435,1.438364456,0.117300322,0.013955747,1.436782842,0.119284634,0.012945250,1.435280885,0.121301223,
false,14//15,0//0,0.048107349,1.490573400,0.079403631,0.046335583,1.488792496,0.080494708,0.044675388,1.486932830,0.081586023,0.043112422,1.485005782,0.082680003,0.041632345,1.483022735,0.083779074,0.040220817,1.480995071,0.084885662,0.038863498,1.478934171,0.086002195,0.037546046,1.476851418,0.087131097,0.036254123,1.474758195,0.088274795,0.034973386,1.472665881,0.089435716,0.033689497,1.470585861,0.090616286,0.032388114,1.468529516,0.091818930,0.031055294,1.466508014,0.093046132,0.029693168,1.464523954,0.094302515,0.028325475,1.462568451,0.095595517,0.026977503,1.460631804,0.096932773,0.025674536,1.458704311,0.098321919,0.024441367,1.456776492,0.099770439,0.023287321,1.454845973,0.101281305,0.022203120,1.452919051,0.102852153,0.021178343,1.451002568,0.104480305,0.020202567,1.449103371,0.106163084,0.019265369,1.447228301,0.107897810,0.018356326,1.445384204,0.109681807,0.017465016,1.443577924,0.111512395,0.016581016,1.441816304,0.113386898,0.015693905,1.440106188,0.115302635,0.014793259,1.438454422,0.117256930,0.013868655,1.436867848,0.119247104,0.012909671,1.435353310,0.121270479,
true,15//15,0//0,0.047756818,1.490524167,0.079370920,0.045992868,1.488741991,0.080452243,0.044336787,1.486883655,0.081533521,0.042775172,1.484959999,0.082617440,0.041294623,1.482981860,0.083706685,0.039881738,1.480960078,0.084803940,0.038523115,1.478905491,0.085911892,0.037205353,1.476828939,0.087033226,0.035915051,1.474741259,0.088170627,0.034638807,1.472653290,0.089326780,0.033363220,1.470575872,0.090504371,0.032074889,1.468519842,0.091706084,0.030760712,1.466495881,0.092934642,0.029421799,1.464507207,0.094194478,0.028079294,1.462546512,0.095492439,0.026755857,1.460605694,0.096835554,0.025474144,1.458676652,0.098230854,0.024256320,1.456751500,0.099685216,0.023110476,1.454828581,0.101201207,0.022028923,1.452913209,0.102776559,0.021003137,1.451011073,0.104408749,0.020024594,1.449127859,0.106095253,0.019084769,1.447269253,0.107833547,0.018175139,1.445440942,0.109621107,0.017287180,1.443648614,0.111455410,0.016412367,1.441897954,0.113333932,0.015542176,1.440194649,0.115254149,0.014668082,1.438544387,0.117213538,0.013781563,1.436952853,0.119209574,0.012874093,1.435425735,0.121239735,
true,0//0,0//15,0.053014776,1.491262656,0.079861592,0.051133594,1.489499576,0.081089212,0.049415804,1.487621278,0.082321041,0.047833921,1.485646752,0.083555877,0.046360459,1.483594986,0.084792520,0.044967934,1.481484968,0.086029769,0.043628859,1.479335688,0.087266425,0.042315751,1.477166134,0.088501285,0.041001123,1.474995295,0.089733151,0.039657491,1.472842160,0.090960821,0.038257369,1.470725718,0.092183095,0.036773272,1.468664957,0.093398771,0.035179444,1.466677880,0.094606985,0.033492336,1.464758412,0.095815025,0.031772012,1.462875600,0.097038608,0.030080549,1.460997345,0.098293839,0.028480020,1.459091546,0.099596824,0.027032019,1.457126372,0.100963567,0.025763147,1.455089467,0.102402672,0.024641885,1.453000829,0.103910458,0.023631233,1.450883503,0.105482086,0.022694190,1.448760537,0.107112713,0.021793757,1.446654977,0.108797501,0.020892933,1.444589870,0.110531608,0.019954718,1.442588263,0.112310194,0.018942112,1.440673203,0.114128419,0.017818114,1.438867736,0.115981441,0.016545724,1.437194909,0.117864422,0.015087943,1.435677769,0.119772520,0.013407770,1.434339363,0.121700895,
false,0//0,1//15,0.052990503,1.491094528,0.079255892,0.051143580,1.489310635,0.080508584,0.049447334,1.487420228,0.081764621,0.047876246,1.485440833,0.083022786,0.046404795,1.483389975,0.084281861,0.045007463,1.481285180,0.085540630,0.043658729,1.479143973,0.086797875,0.042333076,1.476983879,0.088052378,0.041004982,1.474822424,0.089302922,0.039648929,1.472677132,0.090548290,0.038239398,1.470565531,0.091787263,0.036750869,1.468505145,0.093018626,0.035159435,1.466512578,0.094241471,0.033480695,1.464582046,0.095462692,0.031771679,1.462685090,0.096698297,0.030091593,1.460792404,0.097965165,0.028499642,1.458874685,0.099280182,0.027054585,1.456902878,0.100660136,0.025782385,1.454866099,0.102114769,0.024653309,1.452783559,0.103640846,0.023631621,1.450677253,0.105233121,0.022681569,1.448569180,0.106886335,0.021767406,1.446481334,0.108595230,0.020853381,1.444435711,0.110354547,0.019903745,1.442454310,0.112159029,0.018882747,1.440559124,0.114003417,0.017754638,1.438772151,0.115882452,0.016483669,1.437115387,0.117790876,0.015034089,1.435610828,0.119723430,0.013370149,1.434280471,0.121674856,
false,0//0,2//15,0.052966229,1.490926401,0.078650193,0.051153567,1.489121695,0.079927955,0.049478865,1.487219179,0.081208200,0.047918571,1.485234915,0.082489695,0.046449131,1.483184965,0.083771203,0.045046992,1.481085392,0.085051491,0.043688599,1.478952258,0.086329325,0.042350400,1.476801623,0.087603471,0.041008841,1.474649552,0.088872693,0.039640368,1.472512105,0.090135758,0.038221427,1.470405344,0.091391432,0.036728465,1.468345332,0.092638480,0.035139427,1.466347276,0.093875957,0.033469055,1.464405680,0.095110360,0.031771346,1.462494579,0.096357985,0.030102637,1.460587463,0.097636492,0.028519265,1.458657824,0.098963540,0.027077152,1.456679385,0.100356705,0.025801623,1.454642731,0.101826867,0.024664733,1.452566289,0.103371234,0.023632008,1.450471004,0.104984156,0.022668949,1.448377822,0.106659956,0.021741056,1.446307690,0.108392959,0.020813830,1.444281553,0.110177487,0.019852772,1.442320356,0.112007865,0.018823382,1.440445045,0.113878415,0.017691162,1.438676567,0.115783462,0.016421613,1.437035866,0.117717329,0.014980234,1.435543888,0.119674339,0.013332528,1.434221579,0.121648816,
false,0//0,3//15,0.052941956,1.490758273,0.078044493,0.051163553,1.488932754,0.079347326,0.049510396,1.487018129,0.080651780,0.047960896,1.485028996,0.081956603,0.046493467,1.482979955,0.083260544,0.045086521,1.480885605,0.084562352,0.043718469,1.478760543,0.085860776,0.042367725,1.476619368,0.087154563,0.041012699,1.474476680,0.088442464,0.039631806,1.472347077,0.089723227,0.038203456,1.470245157,0.090995601,0.036706061,1.468185520,0.092258334,0.035119419,1.466181975,0.093510442,0.033457415,1.464229315,0.094758027,0.031771013,1.462304069,0.096017674,0.030113681,1.460382523,0.097307818,0.028538887,1.458440963,0.098646898,0.027099718,1.456455891,0.100053274,0.025820862,1.454419364,0.101538964,0.024676158,1.452349018,0.103101621,0.023632396,1.450264754,0.104735190,0.022656328,1.448186465,0.106433578,0.021714705,1.446134046,0.108190688,0.020774278,1.444127394,0.110000427,0.019801798,1.442186402,0.111856700,0.018764018,1.440330967,0.113753414,0.017627687,1.438580982,0.115684473,0.016359557,1.436956344,0.117643782,0.014926380,1.435476947,0.119625249,0.013294907,1.434162687,0.121622777,
false,0//0,4//15,0.052917683,1.490590145,0.077438793,0.051173539,1.488743813,0.078766698,0.049541926,1.486817079,0.080095360,0.048003222,1.484823078,0.081423512,0.046537804,1.482774945,0.082749886,0.045126050,1.480685817,0.084073213,0.043748339,1.478568827,0.085392226,0.042385049,1.476437113,0.086705656,0.041016558,1.474303808,0.088012235,0.039623244,1.472182049,0.089310696,0.038185484,1.470084970,0.090599769,0.036683658,1.468025707,0.091878188,0.035099410,1.466016673,0.093144928,0.033445775,1.464052949,0.094405694,0.031770681,1.462113558,0.095677362,0.030124725,1.460177582,0.096979144,0.028558510,1.458224102,0.098330256,0.027122285,1.456232398,0.099749842,0.025840100,1.454195996,0.101251061,0.024687582,1.452131748,0.102832009,0.023632784,1.450058504,0.104486225,0.022643708,1.447995107,0.106207199,0.021688354,1.445960403,0.107988417,0.020734726,1.443973235,0.109823367,0.019750825,1.442052448,0.111705536,0.018704653,1.440216888,0.113628412,0.017564211,1.438485398,0.115585483,0.016297501,1.436876822,0.117570236,0.014872525,1.435410007,0.119576158,0.013257285,1.434103795,0.121596737,
false,0//0,5//15,0.052893410,1.490422018,0.076833094,0.051183526,1.488554873,0.078186069,0.049573457,1.486616029,0.079538940,0.048045547,1.484617159,0.080890421,0.046582140,1.482569935,0.082239227,0.045165579,1.480486029,0.083584074,0.043778209,1.478377112,0.084923676,0.042402374,1.476254857,0.086256749,0.041020417,1.474130936,0.087582007,0.039614682,1.472017021,0.088898165,0.038167513,1.469924783,0.090203938,0.036661254,1.467865895,0.091498042,0.035079402,1.465851371,0.092779414,0.033434135,1.463876583,0.094053361,0.031770348,1.461923048,0.095337051,0.030135769,1.459972641,0.096650470,0.028578132,1.458007241,0.098013614,0.027144851,1.456008905,0.099446411,0.025859338,1.453972628,0.100963159,0.024699006,1.451914478,0.102562396,0.023633172,1.449852254,0.104237260,0.022631087,1.447803750,0.105980820,0.021662004,1.445786759,0.107786146,0.020695175,1.443819076,0.109646306,0.019699852,1.441918495,0.111554371,0.018645288,1.440102809,0.113503411,0.017500735,1.438389813,0.115486493,0.016235445,1.436797301,0.117496689,0.014818671,1.435343066,0.119527067,0.013219664,1.434044903,0.121570698,
false,0//0,6//15,0.052869136,1.490253890,0.076227394,0.051193512,1.488365932,0.077605440,0.049604987,1.486414979,0.078982520,0.048087872,1.484411241,0.080357330,0.046626476,1.482364925,0.081728569,0.045205108,1.480286241,0.083094935,0.043808079,1.478185397,0.084455127,0.042419698,1.476072602,0.085807841,0.041024275,1.473958064,0.087151778,0.039606120,1.471851993,0.088485633,0.038149542,1.469764596,0.089808107,0.036638851,1.467706082,0.091117896,0.035059394,1.465686069,0.092413900,0.033422495,1.463700217,0.093701029,0.031770015,1.461732538,0.094996739,0.030146813,1.459767701,0.096321796,0.028597755,1.457790380,0.097696972,0.027167417,1.455785411,0.099142980,0.025878576,1.453749260,0.100675256,0.024710431,1.451697208,0.102292784,0.023633560,1.449646004,0.103988295,0.022618466,1.447612392,0.105754442,0.021635653,1.445613115,0.107583875,0.020655623,1.443664917,0.109469246,0.019648879,1.441784541,0.111403207,0.018585924,1.439988730,0.113378409,0.017437259,1.438294228,0.115387504,0.016173390,1.436717779,0.117423142,0.014764816,1.435276125,0.119477977,0.013182043,1.433986011,0.121544659,
false,0//0,7//15,0.052844863,1.490085762,0.075621694,0.051203498,1.488176991,0.077024812,0.049636518,1.486213929,0.078426099,0.048130197,1.484205322,0.079824239,0.046670812,1.482159915,0.081217910,0.045244638,1.480086453,0.082605796,0.043837949,1.477993682,0.083986577,0.042437023,1.475890347,0.085358934,0.041028134,1.473785192,0.086721549,0.039597558,1.471686965,0.088073102,0.038131571,1.469604409,0.089412276,0.036616447,1.467546270,0.090737750,0.035039385,1.465520768,0.092048386,0.033410855,1.463523851,0.093348696,0.031769682,1.461542027,0.094656428,0.030157857,1.459562760,0.095993122,0.028617378,1.457573519,0.097380330,0.027189984,1.455561918,0.098839549,0.025897815,1.453525892,0.100387354,0.024721855,1.451479938,0.102023172,0.023633948,1.449439754,0.103739330,0.022605846,1.447421035,0.105528063,0.021609303,1.445439472,0.107381604,0.020616072,1.443510758,0.109292186,0.019597906,1.441650587,0.111252043,0.018526559,1.439874652,0.113253407,0.017373784,1.438198644,0.115288514,0.016111334,1.436638257,0.117349596,0.014710962,1.435209185,0.119428886,0.013144422,1.433927119,0.121518619,
false,0//0,8//15,0.052820590,1.489917635,0.075015995,0.051213485,1.487988051,0.076444183,0.049668049,1.486012880,0.077869679,0.048172523,1.483999404,0.079291147,0.046715148,1.481954905,0.080707252,0.045284167,1.479886665,0.082116657,0.043867819,1.477801967,0.083518027,0.042454348,1.475708091,0.084910027,0.041031993,1.473612321,0.086291320,0.039588996,1.471521937,0.087660571,0.038113599,1.469444222,0.089016444,0.036594044,1.467386457,0.090357604,0.035019377,1.465355466,0.091682871,0.033399214,1.463347485,0.092996363,0.031769349,1.461351517,0.094316116,0.030168901,1.459357819,0.095664448,0.028637000,1.457356658,0.097063688,0.027212550,1.455338424,0.098536118,0.025917053,1.453302524,0.100099451,0.024733279,1.451262667,0.101753559,0.023634335,1.449233505,0.103490365,0.022593225,1.447229677,0.105301685,0.021582952,1.445265828,0.107179333,0.020576520,1.443356600,0.109115126,0.019546933,1.441516634,0.111100878,0.018467194,1.439760573,0.113128406,0.017310308,1.438103059,0.115189524,0.016049278,1.436558736,0.117276049,0.014657108,1.435142244,0.119379796,0.013106801,1.433868227,0.121492580,
false,0//0,9//15,0.052796317,1.489749507,0.074410295,0.051223471,1.487799110,0.075863554,0.049699579,1.485811830,0.077313259,0.048214848,1.483793485,0.078758056,0.046759484,1.481749895,0.080196593,0.045323696,1.479686878,0.081627518,0.043897689,1.477610252,0.083049478,0.042471672,1.475525836,0.084461119,0.041035851,1.473439449,0.085861091,0.039580434,1.471356909,0.087248040,0.038095628,1.469284035,0.088620613,0.036571640,1.467226645,0.089977459,0.034999368,1.465190164,0.091317357,0.033387574,1.463171120,0.092644030,0.031769016,1.461161006,0.093975805,0.030179945,1.459152879,0.095335774,0.028656623,1.457139798,0.096747046,0.027235116,1.455114931,0.098232687,0.025936291,1.453079156,0.099811548,0.024744704,1.451045397,0.101483947,0.023634723,1.449027255,0.103241400,0.022580604,1.447038320,0.105075306,0.021556601,1.445092185,0.106977062,0.020536968,1.443202441,0.108938065,0.019495960,1.441382680,0.110949714,0.018407830,1.439646494,0.113003404,0.017246832,1.438007475,0.115090535,0.015987222,1.436479214,0.117202503,0.014603253,1.435075304,0.119330705,0.013069180,1.433809335,0.121466540,
false,0//0,10//15,0.052772043,1.489581379,0.073804595,0.051233458,1.487610169,0.075282926,0.049731110,1.485610780,0.076756839,0.048257173,1.483587567,0.078224965,0.046803821,1.481544885,0.079685935,0.045363225,1.479487090,0.081138379,0.043927559,1.477418537,0.082580928,0.042488997,1.475343581,0.084012212,0.041039710,1.473266577,0.085430862,0.039571873,1.471191881,0.086835509,0.038077657,1.469123848,0.088224782,0.036549236,1.467066833,0.089597313,0.034979360,1.465024862,0.090951843,0.033375934,1.462994754,0.092291698,0.031768683,1.460970496,0.093635493,0.030190989,1.458947938,0.095007100,0.028676245,1.456922937,0.096430404,0.027257683,1.454891438,0.097929256,0.025955529,1.452855788,0.099523646,0.024756128,1.450828127,0.101214334,0.023635111,1.448821005,0.102992435,0.022567984,1.446846962,0.104848928,0.021530251,1.444918541,0.106774791,0.020497417,1.443048282,0.108761005,0.019444987,1.441248726,0.110798549,0.018348465,1.439532415,0.112878403,0.017183357,1.437911890,0.114991545,0.015925166,1.436399692,0.117128956,0.014549399,1.435008363,0.119281615,0.013031559,1.433750443,0.121440501,
false,0//0,11//15,0.052747770,1.489413252,0.073198896,0.051243444,1.487421229,0.074702297,0.049762640,1.485409730,0.076200419,0.048299498,1.483381648,0.077691874,0.046848157,1.481339875,0.079175276,0.045402754,1.479287302,0.080649240,0.043957429,1.477226822,0.082112378,0.042506321,1.475161325,0.083563305,0.041043569,1.473093705,0.085000633,0.039563311,1.471026853,0.086422977,0.038059686,1.468963661,0.087828951,0.036526833,1.466907020,0.089217167,0.034959352,1.464859560,0.090586329,0.033364294,1.462818388,0.091939365,0.031768350,1.460779985,0.093295182,0.030202033,1.458742997,0.094678426,0.028695868,1.456706076,0.096113762,0.027280249,1.454667944,0.097625825,0.025974768,1.452632420,0.099235743,0.024767552,1.450610857,0.100944722,0.023635499,1.448614755,0.102743470,0.022555363,1.446655605,0.104622549,0.021503900,1.444744897,0.106572520,0.020457865,1.442894123,0.108583945,0.019394014,1.441114773,0.110647385,0.018289100,1.439418337,0.112753401,0.017119881,1.437816306,0.114892555,0.015863110,1.436320171,0.117055409,0.014495544,1.434941422,0.119232524,0.012993938,1.433691551,0.121414462,
false,0//0,12//15,0.052723497,1.489245124,0.072593196,0.051253430,1.487232288,0.074121668,0.049794171,1.485208680,0.075643998,0.048341824,1.483175730,0.077158783,0.046892493,1.481134865,0.078664618,0.045442283,1.479087514,0.080160101,0.043987299,1.477035106,0.081643829,0.042523646,1.474979070,0.083114397,0.041047427,1.472920833,0.084570404,0.039554749,1.470861825,0.086010446,0.038041715,1.468803473,0.087433119,0.036504429,1.466747208,0.088837021,0.034939343,1.464694259,0.090220814,0.033352654,1.462642022,0.091587032,0.031768017,1.460589475,0.092954870,0.030213077,1.458538056,0.094349752,0.028715491,1.456489215,0.095797120,0.027302816,1.454444451,0.097322394,0.025994006,1.452409052,0.098947840,0.024778976,1.450393587,0.100675110,0.023635887,1.448408505,0.102494505,0.022542743,1.446464247,0.104396171,0.021477550,1.444571254,0.106370249,0.020418314,1.442739964,0.108406885,0.019343040,1.440980819,0.110496220,0.018229736,1.439304258,0.112628399,0.017056405,1.437720721,0.114793566,0.015801055,1.436240649,0.116981863,0.014441690,1.434874482,0.119183434,0.012956316,1.433632659,0.121388422,
false,0//0,13//15,0.052699224,1.489076996,0.071987496,0.051263417,1.487043347,0.073541040,0.049825702,1.485007630,0.075087578,0.048384149,1.482969811,0.076625691,0.046936829,1.480929855,0.078153959,0.045481812,1.478887726,0.079670962,0.044017169,1.476843391,0.081175279,0.042540970,1.474796814,0.082665490,0.041051286,1.472747961,0.084140175,0.039546187,1.470696797,0.085597915,0.038023743,1.468643286,0.087037288,0.036482026,1.466587395,0.088456875,0.034919335,1.464528957,0.089855300,0.033341014,1.462465656,0.091234699,0.031767684,1.460398964,0.092614559,0.030224122,1.458333116,0.094021079,0.028735113,1.456272354,0.095480478,0.027325382,1.454220958,0.097018963,0.026013244,1.452185684,0.098659938,0.024790401,1.450176317,0.100405497,0.023636275,1.448202255,0.102245540,0.022530122,1.446272890,0.104169792,0.021451199,1.444397610,0.106167978,0.020378762,1.442585805,0.108229824,0.019292067,1.440846865,0.110345056,0.018170371,1.439190179,0.112503398,0.016992929,1.437625137,0.114694576,0.015738999,1.436161128,0.116908316,0.014387835,1.434807541,0.119134343,0.012918695,1.433573767,0.121362383,
false,0//0,14//15,0.052674950,1.488908869,0.071381797,0.051273403,1.486854407,0.072960411,0.049857232,1.484806581,0.074531158,0.048426474,1.482763893,0.076092600,0.046981165,1.480724845,0.077643301,0.045521341,1.478687939,0.079181823,0.044047039,1.476651676,0.080706729,0.042558295,1.474614559,0.082216583,0.041055145,1.472575089,0.083709947,0.039537625,1.470531769,0.085185384,0.038005772,1.468483099,0.086641457,0.036459622,1.466427583,0.088076729,0.034899327,1.464363655,0.089489786,0.033329374,1.462289290,0.090882367,0.031767351,1.460208454,0.092274248,0.030235166,1.458128175,0.093692405,0.028754736,1.456055493,0.095163836,0.027347948,1.453997464,0.096715532,0.026032482,1.451962316,0.098372035,0.024801825,1.449959046,0.100135885,0.023636662,1.447996005,0.101996575,0.022517501,1.446081532,0.103943414,0.021424848,1.444223967,0.105965707,0.020339210,1.442431647,0.108052764,0.019241094,1.440712911,0.110193891,0.018111006,1.439076100,0.112378396,0.016929454,1.437529552,0.114595587,0.015676943,1.436081606,0.116834769,0.014333981,1.434740600,0.119085253,0.012881074,1.433514875,0.121336343,
true,0//0,15//15,0.052650677,1.488740741,0.070776097,0.051283389,1.486665466,0.072379782,0.049888763,1.484605531,0.073974738,0.048468799,1.482557974,0.075559509,0.047025501,1.480519835,0.077132642,0.045560871,1.478488151,0.078692684,0.044076909,1.476459961,0.080238180,0.042575619,1.474432304,0.081767675,0.041059003,1.472402218,0.083279718,0.039529063,1.470366741,0.084772852,0.037987801,1.468322912,0.086245626,0.036437218,1.466267770,0.087696583,0.034879318,1.464198353,0.089124272,0.033317733,1.462112925,0.090530034,0.031767018,1.460017943,0.091933936,0.030246210,1.457923234,0.093363731,0.028774358,1.455838632,0.094847194,0.027370515,1.453773971,0.096412101,0.026051721,1.451738948,0.098084132,0.024813249,1.449741776,0.099866272,0.023637050,1.447789756,0.101747610,0.022504881,1.445890175,0.103717035,0.021398498,1.444050323,0.105763436,0.020299659,1.442277488,0.107875704,0.019190121,1.440578958,0.110042727,0.018051642,1.438962022,0.112253395,0.016865978,1.437433968,0.114496597,0.015614887,1.436002084,0.116761223,0.014280126,1.434673660,0.119036162,0.012843453,1.433455983,0.121310304,
true,0//15,1//1,0.052650677,1.488740741,0.070776097,0.051283389,1.486665466,0.072379782,0.049888763,1.484605531,0.073974738,0.048468799,1.482557974,0.075559509,0.047025501,1.480519835,0.077132642,0.045560871,1.478488151,0.078692684,0.044076909,1.476459961,0.080238180,0.042575619,1.474432304,0.081767675,0.041059003,1.472402218,0.083279718,0.039529063,1.470366741,0.084772852,0.037987801,1.468322912,0.086245626,0.036437218,1.466267770,0.087696583,0.034879318,1.464198353,0.089124272,0.033317733,1.462112925,0.090530034,0.031767018,1.460017943,0.091933936,0.030246210,1.457923234,0.093363731,0.028774358,1.455838632,0.094847194,0.027370515,1.453773971,0.096412101,0.026051721,1.451738948,0.098084132,0.024813249,1.449741776,0.099866272,0.023637050,1.447789756,0.101747610,0.022504881,1.445890175,0.103717035,0.021398498,1.444050323,0.105763436,0.020299659,1.442277488,0.107875704,0.019190121,1.440578958,0.110042727,0.018051642,1.438962022,0.112253395,0.016865978,1.437433968,0.114496597,0.015614887,1.436002084,0.116761223,0.014280126,1.434673660,0.119036162,0.012843453,1.433455983,0.121310304,
false,1//15,1//1,0.052433181,1.488866272,0.070828656,0.051044739,1.486795300,0.072411389,0.049636746,1.484735765,0.073987492,0.048210159,1.482685388,0.075555464,0.046765933,1.480641890,0.077113800,0.045305023,1.478602993,0.078660996,0.043828385,1.476566418,0.080195549,0.042336972,1.474529884,0.081715955,0.040831742,1.472491114,0.083220710,0.039313649,1.470447828,0.084708310,0.037783648,1.468397748,0.086177252,0.036242695,1.466338593,0.087626033,0.034691745,1.464268086,0.089053148,0.033134004,1.462184867,0.090459999,0.031585096,1.460094545,0.091866366,0.030065252,1.458005740,0.093299374,0.028594718,1.455927083,0.094786169,0.027193738,1.453867202,0.096353897,0.025880315,1.451834729,0.098027602,0.024649556,1.449837831,0.099810086,0.023483016,1.447884223,0.101690730,0.022362066,1.445981607,0.103658725,0.021268079,1.444137689,0.105703265,0.020182427,1.442360172,0.107813541,0.019086481,1.440656759,0.109978746,0.017961613,1.439035156,0.112188071,0.016789195,1.437503065,0.114430709,0.015550599,1.436068191,0.116695852,0.014227197,1.434738238,0.118972692,0.012800361,1.433520910,0.121250421,
false,2//15,1//1,0.052215686,1.488991803,0.070881215,0.050806088,1.486925133,0.072442995,0.049384730,1.484865998,0.074000247,0.047951519,1.482812801,0.075551419,0.046506365,1.480763946,0.077094957,0.045049176,1.478717836,0.078629308,0.043579860,1.476672874,0.080152918,0.042098325,1.474627465,0.081664234,0.040604481,1.472580011,0.083161702,0.039098234,1.470528916,0.084643768,0.037579495,1.468472583,0.086108879,0.036048171,1.466409416,0.087555482,0.034504171,1.464337819,0.088982024,0.032950274,1.462256809,0.090389964,0.031403173,1.460171146,0.091798796,0.029884295,1.458088246,0.093235017,0.028415078,1.456015534,0.094725144,0.027016961,1.453960433,0.096295694,0.025708910,1.451930510,0.097971071,0.024485863,1.449933887,0.099753899,0.023328981,1.447978690,0.101633849,0.022219252,1.446073039,0.103600416,0.021137661,1.444225055,0.105643094,0.020065195,1.442442855,0.107751379,0.018982841,1.440734561,0.109914765,0.017871584,1.439108290,0.112122748,0.016712413,1.437572163,0.114364822,0.015486312,1.436134299,0.116630481,0.014174269,1.434802817,0.118909221,0.012757270,1.433585837,0.121190537,
false,3//15,1//1,0.051998190,1.489117334,0.070933775,0.050567437,1.487054967,0.072474601,0.049132713,1.484996232,0.074013002,0.047692879,1.482940215,0.075547374,0.046246797,1.480886002,0.077076115,0.044793329,1.478832679,0.078597620,0.043331335,1.476779331,0.080110288,0.041859678,1.474725045,0.081612513,0.040377219,1.472668907,0.083102694,0.038882820,1.470610003,0.084579226,0.037375342,1.468547419,0.086040506,0.035853647,1.466480239,0.087484932,0.034316598,1.464407552,0.088910900,0.032766545,1.462328751,0.090319929,0.031221251,1.460247748,0.091731226,0.029703338,1.458170752,0.093170660,0.028235438,1.456103985,0.094664119,0.026840183,1.454053664,0.096237491,0.025537504,1.452026291,0.097914541,0.024322169,1.450029942,0.099697712,0.023174947,1.448073157,0.101576968,0.022076437,1.446164472,0.103542106,0.021007242,1.444312421,0.105582923,0.019947963,1.442525539,0.107689216,0.018879200,1.440812362,0.109850785,0.017781556,1.439181424,0.112057425,0.016635630,1.437641260,0.114298934,0.015422024,1.436200406,0.116565110,0.014121340,1.434867395,0.118845751,0.012714178,1.433650764,0.121130654,
false,4//15,1//1,0.051780694,1.489242866,0.070986334,0.050328786,1.487184801,0.072506207,0.048880696,1.485126466,0.074025756,0.047434239,1.483067629,0.075543329,0.045987229,1.481008058,0.077057272,0.044537481,1.478947521,0.078565933,0.043082810,1.476885788,0.080067657,0.041621031,1.474822626,0.081560792,0.040149958,1.472757804,0.083043685,0.038667406,1.470691091,0.084514683,0.037171189,1.468622254,0.085972133,0.035659123,1.466551063,0.087414381,0.034129024,1.464477284,0.088839776,0.032582815,1.462400694,0.090249895,0.031039329,1.460324349,0.091663657,0.029522381,1.458253259,0.093106303,0.028055798,1.456192436,0.094603094,0.026663406,1.454146895,0.096179287,0.025366099,1.452122072,0.097858010,0.024158476,1.450125997,0.099641526,0.023020912,1.448167624,0.101520088,0.021933623,1.446255904,0.103483796,0.020876824,1.444399787,0.105522752,0.019830731,1.442608223,0.107627054,0.018775560,1.440890163,0.109786804,0.017691527,1.439254558,0.111992101,0.016558847,1.437710358,0.114233046,0.015357737,1.436266513,0.116499739,0.014068411,1.434931974,0.118782281,0.012671086,1.433715691,0.121070770,
false,5//15,1//1,0.051563199,1.489368397,0.071038893,0.050090136,1.487314635,0.072537813,0.048628680,1.485256700,0.074038511,0.047175599,1.483195042,0.075539284,0.045727661,1.481130113,0.077038430,0.044281634,1.479062364,0.078534245,0.042834286,1.476992244,0.080025026,0.041382384,1.474920207,0.081509071,0.039922696,1.472846701,0.082984677,0.038451991,1.470772178,0.084450141,0.036967036,1.468697089,0.085903760,0.035464600,1.466621886,0.087343831,0.033941451,1.464547017,0.088768652,0.032399086,1.462472636,0.090179860,0.030857406,1.460400951,0.091596087,0.029341424,1.458335765,0.093041946,0.027876158,1.456280887,0.094542069,0.026486629,1.454240126,0.096121084,0.025194693,1.452217853,0.097801480,0.023994783,1.450222052,0.099585339,0.022866877,1.448262091,0.101463207,0.021790808,1.446347336,0.103425486,0.020746405,1.444487153,0.105462580,0.019713499,1.442690907,0.107564892,0.018671920,1.440967965,0.109722823,0.017601498,1.439327692,0.111926778,0.016482064,1.437779455,0.114167159,0.015293449,1.436332620,0.116434368,0.014015482,1.434996552,0.118718810,0.012627994,1.433780618,0.121010887,
false,6//15,1//1,0.051345703,1.489493928,0.071091452,0.049851485,1.487444469,0.072569419,0.048376663,1.485386933,0.074051265,0.046916959,1.483322456,0.075535239,0.045468093,1.481252169,0.077019587,0.044025787,1.479177206,0.078502557,0.042585761,1.477098701,0.079982396,0.041143737,1.475017787,0.081457351,0.039695435,1.472935597,0.082925669,0.038236577,1.470853266,0.084385599,0.036762884,1.468771925,0.085835387,0.035270076,1.466692709,0.087273280,0.033753877,1.464616750,0.088697528,0.032215356,1.462544578,0.090109825,0.030675484,1.460477552,0.091528517,0.029160466,1.458418271,0.092977589,0.027696518,1.456369338,0.094481044,0.026309852,1.454333358,0.096062880,0.025023288,1.452313634,0.097744949,0.023831089,1.450318108,0.099529152,0.022712843,1.448356559,0.101406326,0.021647994,1.446438768,0.103367177,0.020615987,1.444574519,0.105402409,0.019596267,1.442773591,0.107502729,0.018568280,1.441045766,0.109658842,0.017511470,1.439400826,0.111861454,0.016405282,1.437848553,0.114101271,0.015229161,1.436398727,0.116368998,0.013962553,1.435061131,0.118655340,0.012584903,1.433845545,0.120951004,
false,7//15,1//1,0.051128207,1.489619459,0.071144011,0.049612834,1.487574302,0.072601025,0.048124647,1.485517167,0.074064020,0.046658319,1.483449869,0.075531194,0.045208525,1.481374225,0.077000745,0.043769939,1.479292049,0.078470869,0.042337236,1.477205158,0.079939765,0.040905090,1.475115368,0.081405630,0.039468174,1.473024494,0.082866661,0.038021163,1.470934353,0.084321057,0.036558731,1.468846760,0.085767014,0.035075552,1.466763532,0.087202730,0.033566304,1.464686482,0.088626404,0.032031626,1.462616520,0.090039790,0.030493561,1.460554154,0.091460947,0.028979509,1.458500777,0.092913232,0.027516878,1.456457789,0.094420019,0.026133075,1.454426589,0.096004677,0.024851882,1.452409415,0.097688419,0.023667396,1.450414163,0.099472966,0.022558808,1.448451026,0.101349446,0.021505179,1.446530201,0.103308867,0.020485568,1.444661885,0.105342238,0.019479035,1.442856275,0.107440567,0.018464639,1.441123567,0.109594862,0.017421441,1.439473960,0.111796131,0.016328499,1.437917650,0.114035383,0.015164874,1.436464834,0.116303627,0.013909624,1.435125709,0.118591870,0.012541811,1.433910472,0.120891120,
false,8//15,1//1,0.050910712,1.489744990,0.071196571,0.049374183,1.487704136,0.072632631,0.047872630,1.485647401,0.074076775,0.046399679,1.483577283,0.075527149,0.044948957,1.481496280,0.076981902,0.043514092,1.479406891,0.078439181,0.042088712,1.477311615,0.079897134,0.040666442,1.475212948,0.081353909,0.039240912,1.473113391,0.082807653,0.037805748,1.471015440,0.084256515,0.036354578,1.468921596,0.085698641,0.034881028,1.466834355,0.087132179,0.033378730,1.464756215,0.088555280,0.031847897,1.462688462,0.089969756,0.030311639,1.460630755,0.091393377,0.028798552,1.458583283,0.092848876,0.027337238,1.456546240,0.094358994,0.025956298,1.454519820,0.095946474,0.024680477,1.452505196,0.097631888,0.023503703,1.450510218,0.099416779,0.022404774,1.448545493,0.101292565,0.021362365,1.446621633,0.103250557,0.020355150,1.444749251,0.105282067,0.019361803,1.442938958,0.107378404,0.018360999,1.441201369,0.109530881,0.017331412,1.439547095,0.111730808,0.016251716,1.437986748,0.113969496,0.015100586,1.436530942,0.116238256,0.013856696,1.435190288,0.118528399,0.012498719,1.433975400,0.120831237,
false,9//15,1//1,0.050693216,1.489870521,0.071249130,0.049135533,1.487833970,0.072664237,0.047620613,1.485777635,0.074089529,0.046141039,1.483704697,0.075523104,0.044689389,1.481618336,0.076963059,0.043258245,1.479521734,0.078407493,0.041840187,1.477418071,0.079854504,0.040427795,1.475310529,0.081302188,0.039013651,1.473202287,0.082748645,0.037590334,1.471096528,0.084191972,0.036150425,1.468996431,0.085630268,0.034686505,1.466905178,0.087061629,0.033191157,1.464825948,0.088484156,0.031664167,1.462760405,0.089899721,0.030129716,1.460707357,0.091325807,0.028617595,1.458665789,0.092784519,0.027157598,1.456634691,0.094297969,0.025779521,1.454613051,0.095888270,0.024509072,1.452600977,0.097575358,0.023340009,1.450606273,0.099360592,0.022250739,1.448639960,0.101235685,0.021219550,1.446713065,0.103192248,0.020224731,1.444836617,0.105221895,0.019244571,1.443021642,0.107316242,0.018257359,1.441279170,0.109466900,0.017241383,1.439620229,0.111665484,0.016174934,1.438055845,0.113903608,0.015036298,1.436597049,0.116172885,0.013803767,1.435254866,0.118464929,0.012455627,1.434040327,0.120771353,
false,10//15,1//1,0.050475720,1.489996052,0.071301689,0.048896882,1.487963804,0.072695843,0.047368597,1.485907869,0.074102284,0.045882399,1.483832110,0.075519059,0.044429821,1.481740392,0.076944217,0.043002398,1.479636576,0.078375805,0.041591662,1.477524528,0.079811873,0.040189148,1.475408109,0.081250467,0.038786389,1.473291184,0.082689637,0.037374919,1.471177615,0.084127430,0.035946272,1.469071266,0.085561894,0.034491981,1.466976001,0.086991078,0.033003584,1.464895680,0.088413031,0.031480438,1.462832347,0.089829686,0.029947794,1.460783958,0.091258237,0.028436637,1.458748295,0.092720162,0.026977957,1.456723142,0.094236944,0.025602744,1.454706282,0.095830067,0.024337666,1.452696757,0.097518827,0.023176316,1.450702328,0.099304406,0.022096705,1.448734427,0.101178804,0.021076736,1.446804497,0.103133938,0.020094313,1.444923983,0.105161724,0.019127339,1.443104326,0.107254079,0.018153719,1.441356972,0.109402919,0.017151355,1.439693363,0.111600161,0.016098151,1.438124943,0.113837720,0.014972011,1.436663156,0.116107514,0.013750838,1.435319445,0.118401459,0.012412536,1.434105254,0.120711470,
false,11//15,1//1,0.050258225,1.490121583,0.071354248,0.048658231,1.488093638,0.072727449,0.047116580,1.486038102,0.074115038,0.045623759,1.483959524,0.075515014,0.044170253,1.481862447,0.076925374,0.042746550,1.479751419,0.078344118,0.041343137,1.477630985,0.079769242,0.039950501,1.475505690,0.081198747,0.038559128,1.473380081,0.082630629,0.037159505,1.471258703,0.084062888,0.035742119,1.469146102,0.085493521,0.034297457,1.467046824,0.086920528,0.032816010,1.464965413,0.088341907,0.031296708,1.462904289,0.089759651,0.029765871,1.460860560,0.091190667,0.028255680,1.458830801,0.092655805,0.026798317,1.456811593,0.094175919,0.025425967,1.454799513,0.095771864,0.024166261,1.452792538,0.097462297,0.023012623,1.450798384,0.099248219,0.021942670,1.448828894,0.101121923,0.020933921,1.446895930,0.103075628,0.019963894,1.445011349,0.105101553,0.019010107,1.443187010,0.107191917,0.018050078,1.441434773,0.109338939,0.017061326,1.439766497,0.111534838,0.016021368,1.438194041,0.113771833,0.014907723,1.436729263,0.116042143,0.013697909,1.435384023,0.118337988,0.012369444,1.434170181,0.120651587,
false,12//15,1//1,0.050040729,1.490247115,0.071406807,0.048419580,1.488223471,0.072759055,0.046864564,1.486168336,0.074127793,0.045365118,1.484086937,0.075510969,0.043910685,1.481984503,0.076906532,0.042490703,1.479866262,0.078312430,0.041094613,1.477737441,0.079726612,0.039711854,1.475603271,0.081147026,0.038331867,1.473468977,0.082571621,0.036944091,1.471339790,0.083998346,0.035537966,1.469220937,0.085425148,0.034102933,1.467117647,0.086849977,0.032628437,1.465035146,0.088270783,0.031112978,1.462976231,0.089689616,0.029583949,1.460937161,0.091123098,0.028074723,1.458913307,0.092591448,0.026618677,1.456900044,0.094114894,0.025249189,1.454892744,0.095713660,0.023994855,1.452888319,0.097405766,0.022848929,1.450894439,0.099192032,0.021788636,1.448923362,0.101065043,0.020791107,1.446987362,0.103017319,0.019833476,1.445098714,0.105041382,0.018892875,1.443269694,0.107129754,0.017946438,1.441512574,0.109274958,0.016971297,1.439839631,0.111469514,0.015944586,1.438263138,0.113705945,0.014843436,1.436795370,0.115976772,0.013644980,1.435448602,0.118274518,0.012326352,1.434235108,0.120591703,
false,13//15,1//1,0.049823233,1.490372646,0.071459367,0.048180930,1.488353305,0.072790661,0.046612547,1.486298570,0.074140548,0.045106478,1.484214351,0.075506924,0.043651117,1.482106559,0.076887689,0.042234856,1.479981104,0.078280742,0.040846088,1.477843898,0.079683981,0.039473207,1.475700851,0.081095305,0.038104605,1.473557874,0.082512613,0.036728676,1.471420878,0.083933803,0.035333813,1.469295773,0.085356775,0.033908410,1.467188470,0.086779427,0.032440863,1.465104879,0.088199659,0.030929249,1.463048174,0.089619582,0.029402027,1.461013763,0.091055528,0.027893766,1.458995813,0.092527091,0.026439037,1.456988494,0.094053869,0.025072412,1.454985975,0.095655457,0.023823450,1.452984100,0.097349236,0.022685236,1.450990494,0.099135846,0.021634601,1.449017829,0.101008162,0.020648292,1.447078794,0.102959009,0.019703057,1.445186080,0.104981211,0.018775643,1.443352378,0.107067592,0.017842798,1.441590376,0.109210977,0.016881269,1.439912765,0.111404191,0.015867803,1.438332236,0.113640057,0.014779148,1.436861477,0.115911401,0.013592051,1.435513180,0.118211047,0.012283260,1.434300035,0.120531820,
false,14//15,1//1,0.049605738,1.490498177,0.071511926,0.047942279,1.488483139,0.072822268,0.046360530,1.486428804,0.074153302,0.044847838,1.484341764,0.075502879,0.043391549,1.482228614,0.076868847,0.041979008,1.480095947,0.078249054,0.040597563,1.477950355,0.079641350,0.039234560,1.475798432,0.081043584,0.037877344,1.473646771,0.082453605,0.036513262,1.471501965,0.083869261,0.035129661,1.469370608,0.085288402,0.033713886,1.467259293,0.086708876,0.032253290,1.465174611,0.088128535,0.030745519,1.463120116,0.089549547,0.029220104,1.461090364,0.090987958,0.027712808,1.459078319,0.092462734,0.026259397,1.457076945,0.093992844,0.024895635,1.455079207,0.095597254,0.023652044,1.453079881,0.097292705,0.022521543,1.451086549,0.099079659,0.021480566,1.449112296,0.100951281,0.020505478,1.447170226,0.102900699,0.019572639,1.445273446,0.104921039,0.018658411,1.443435061,0.107005429,0.017739158,1.441668177,0.109146996,0.016791240,1.439985899,0.111338867,0.015791020,1.438401333,0.113574170,0.014714860,1.436927585,0.115846031,0.013539122,1.435577759,0.118147577,0.012240169,1.434364962,0.120471936,
true,15//15,1//1,0.049388242,1.490623708,0.071564485,0.047703628,1.488612973,0.072853874,0.046108514,1.486559038,0.074166057,0.044589198,1.484469178,0.075498834,0.043131981,1.482350670,0.076850004,0.041723161,1.480210789,0.078217366,0.040349038,1.478056811,0.079598720,0.038995912,1.475896012,0.080991863,0.037650082,1.473735667,0.082394597,0.036297848,1.471583053,0.083804719,0.034925508,1.469445444,0.085220029,0.033519362,1.467330116,0.086638326,0.032065716,1.465244344,0.088057411,0.030561790,1.463192058,0.089479512,0.029038182,1.461166966,0.090920388,0.027531851,1.459160825,0.092398377,0.026079757,1.457165396,0.093931819,0.024718858,1.455172438,0.095539050,0.023480639,1.453175662,0.097236175,0.022357849,1.451182605,0.099023472,0.021326532,1.449206763,0.100894401,0.020362663,1.447261659,0.102842389,0.019442220,1.445360812,0.104860868,0.018541179,1.443517745,0.106943267,0.017635517,1.441745979,0.109083016,0.016701211,1.440059033,0.111273544,0.015714237,1.438470431,0.113508282,0.014650573,1.436993692,0.115780660,0.013486194,1.435642337,0.118084107,0.012197077,1.434429889,0.120412053,
true,1//1,0//15,0.047756818,1.490524167,0.079370920,0.045992868,1.488741991,0.080452243,0.044336787,1.486883655,0.081533521,0.042775172,1.484959999,0.082617440,0.041294623,1.482981860,0.083706685,0.039881738,1.480960078,0.084803940,0.038523115,1.478905491,0.085911892,0.037205353,1.476828939,0.087033226,0.035915051,1.474741259,0.088170627,0.034638807,1.472653290,0.089326780,0.033363220,1.470575872,0.090504371,0.032074889,1.468519842,0.091706084,0.030760712,1.466495881,0.092934642,0.029421799,1.464507207,0.094194478,0.028079294,1.462546512,0.095492439,0.026755857,1.460605694,0.096835554,0.025474144,1.458676652,0.098230854,0.024256320,1.456751500,0.099685216,0.023110476,1.454828581,0.101201207,0.022028923,1.452913209,0.102776559,0.021003137,1.451011073,0.104408749,0.020024594,1.449127859,0.106095253,0.019084769,1.447269253,0.107833547,0.018175139,1.445440942,0.109621107,0.017287180,1.443648614,0.111455410,0.016412367,1.441897954,0.113333932,0.015542176,1.440194649,0.115254149,0.014668082,1.438544387,0.117213538,0.013781563,1.436952853,0.119209574,0.012874093,1.435425735,0.121239735,
false,1//1,1//15,0.047865580,1.490530803,0.078850491,0.046106919,1.488733390,0.079945685,0.044454902,1.486862014,0.081042357,0.042896107,1.484927277,0.082142866,0.041417113,1.482939781,0.083249573,0.040004499,1.480910125,0.084364835,0.038644843,1.478848913,0.085491014,0.037324724,1.476766744,0.086630469,0.036030720,1.474674219,0.087785558,0.034749410,1.472581941,0.088958643,0.033467373,1.470500510,0.090152081,0.032171187,1.468440527,0.091368234,0.030847713,1.466412445,0.092609494,0.029497798,1.464419531,0.093880147,0.028143220,1.462454542,0.095187636,0.026807590,1.460509370,0.096539743,0.025514518,1.458575901,0.097944252,0.024287156,1.456646230,0.099408805,0.023135153,1.454718386,0.100936872,0.022050851,1.452797836,0.102526354,0.021024697,1.450890786,0.104174459,0.020047132,1.449003445,0.105878395,0.019108599,1.447142023,0.107635368,0.018199542,1.445312729,0.109442584,0.017310403,1.443521771,0.111297250,0.016431623,1.441775359,0.113196573,0.015553646,1.440079701,0.115137758,0.014666915,1.438441007,0.117118012,0.013761872,1.436865485,0.119134543,0.012828959,1.435359345,0.121184556,
false,1//1,2//15,0.047974341,1.490537439,0.078330062,0.046220970,1.488724788,0.079439127,0.044573017,1.486840373,0.080551193,0.043017042,1.484894556,0.081668293,0.041539604,1.482897701,0.082792461,0.040127261,1.480860173,0.083925730,0.038766571,1.478792334,0.085070136,0.037444094,1.476704549,0.086227711,0.036146389,1.474607180,0.087400490,0.034860013,1.472510592,0.088590505,0.033571525,1.470425148,0.089799792,0.032267485,1.468361212,0.091030383,0.030934713,1.466329009,0.092284345,0.029573798,1.464331854,0.093565816,0.028207146,1.462362573,0.094882832,0.026859323,1.460413045,0.096243931,0.025554892,1.458475151,0.097657649,0.024317992,1.456540959,0.099132394,0.023159831,1.454608191,0.100672536,0.022072780,1.452682462,0.102276148,0.021046256,1.450770498,0.103940169,0.020069670,1.448879032,0.105661538,0.019132429,1.447014794,0.107437190,0.018223945,1.445184516,0.109264062,0.017333625,1.443394929,0.111139091,0.016450879,1.441652764,0.113059213,0.015565117,1.439964753,0.115021367,0.014665748,1.438337627,0.117022487,0.013742180,1.436778118,0.119059512,0.012783824,1.435292956,0.121129377,
false,1//1,3//15,0.048083103,1.490544075,0.077809633,0.046335020,1.488716187,0.078932569,0.044691132,1.486818732,0.080060028,0.043137977,1.484861834,0.081193719,0.041662095,1.482855622,0.082335349,0.040250022,1.480810220,0.083486626,0.038888300,1.478735755,0.084649258,0.037563465,1.476642353,0.085824954,0.036262057,1.474540140,0.087015421,0.034970615,1.472439243,0.088222368,0.033675678,1.470349786,0.089447502,0.032363783,1.468281897,0.090692533,0.031021713,1.466245574,0.091959196,0.029649797,1.464244177,0.093251485,0.028271072,1.462270603,0.094578029,0.026911056,1.460316720,0.095948119,0.025595266,1.458374401,0.097371047,0.024348828,1.456435688,0.098855983,0.023184508,1.454497997,0.100408201,0.022094708,1.452567088,0.102025942,0.021067816,1.450650211,0.103705879,0.020092208,1.448754619,0.105444680,0.019156260,1.446887565,0.107239011,0.018248347,1.445056303,0.109085539,0.017356848,1.443268087,0.110980931,0.016470136,1.441530170,0.112921854,0.015576588,1.439849806,0.114904976,0.014664580,1.438234248,0.116926962,0.013722489,1.436690750,0.118984481,0.012738690,1.435226566,0.121074199,
false,1//1,4//15,0.048191864,1.490550711,0.077289204,0.046449071,1.488707586,0.078426011,0.044809247,1.486797090,0.079568864,0.043258912,1.484829113,0.080719145,0.041784585,1.482813543,0.081878237,0.040372784,1.480760268,0.083047521,0.039010028,1.478679177,0.084228380,0.037682836,1.476580158,0.085422196,0.036377726,1.474473101,0.086630352,0.035081218,1.472367893,0.087854230,0.033779830,1.470274424,0.089095213,0.032460081,1.468202582,0.090354682,0.031108713,1.466162138,0.091634047,0.029725796,1.464156501,0.092937154,0.028334998,1.462178633,0.094273225,0.026962789,1.460220396,0.095652307,0.025635641,1.458273650,0.097084445,0.024379664,1.456330417,0.098579572,0.023209186,1.454387802,0.100143865,0.022116637,1.452451715,0.101775736,0.021089376,1.450529924,0.103471590,0.020114746,1.448630205,0.105227823,0.019180090,1.446760335,0.107040832,0.018272750,1.444928090,0.108907016,0.017380070,1.443141244,0.110822771,0.016489392,1.441407575,0.112784495,0.015588059,1.439734858,0.114788584,0.014663413,1.438130868,0.116831437,0.013702798,1.436603382,0.118909450,0.012693555,1.435160176,0.121019020,
false,1//1,5//15,0.048300626,1.490557347,0.076768775,0.046563122,1.488698985,0.077919453,0.044927363,1.486775449,0.079077700,0.043379848,1.484796392,0.080244571,0.041907076,1.482771463,0.081421124,0.040495545,1.480710315,0.082608416,0.039131756,1.478622598,0.083807502,0.037802206,1.476517963,0.085019439,0.036493395,1.474406062,0.086245284,0.035191821,1.472296544,0.087486093,0.033883983,1.470199062,0.088742923,0.032556380,1.468123267,0.090016831,0.031195714,1.466078702,0.091308899,0.029801796,1.464068824,0.092622823,0.028398923,1.462086663,0.093968422,0.027014522,1.460124071,0.095356495,0.025676015,1.458172900,0.096797842,0.024410499,1.456225146,0.098303161,0.023233864,1.454277608,0.099879530,0.022138565,1.452336341,0.101525530,0.021110935,1.450409636,0.103237300,0.020137284,1.448505792,0.105010965,0.019203920,1.446633106,0.106842654,0.018297153,1.444799877,0.108728494,0.017403293,1.443014402,0.110664612,0.016508648,1.441284980,0.112647136,0.015599530,1.439619910,0.114672193,0.014662246,1.438027488,0.116735912,0.013683106,1.436516015,0.118834418,0.012648421,1.435093786,0.120963841,
false,1//1,6//15,0.048409388,1.490563983,0.076248346,0.046677172,1.488690384,0.077412895,0.045045478,1.486753808,0.078586536,0.043500783,1.484763670,0.079769998,0.042029566,1.482729384,0.080964012,0.040618307,1.480660363,0.082169311,0.039253484,1.478566019,0.083386623,0.037921577,1.476455768,0.084616681,0.036609064,1.474339022,0.085860215,0.035302423,1.472225195,0.087117956,0.033988135,1.470123700,0.088390634,0.032652678,1.468043951,0.089678981,0.031282714,1.465995266,0.090983750,0.029877795,1.463981148,0.092308492,0.028462849,1.461994694,0.093663619,0.027066255,1.460027747,0.095060684,0.025716389,1.458072150,0.096511240,0.024441335,1.456119875,0.098026750,0.023258541,1.454167413,0.099615194,0.022160493,1.452220967,0.101275325,0.021132495,1.450289349,0.103003010,0.020159822,1.448381379,0.104794107,0.019227750,1.446505877,0.106644475,0.018321555,1.444671663,0.108549971,0.017426515,1.442887560,0.110506452,0.016527905,1.441162386,0.112509777,0.015611000,1.439504962,0.114555802,0.014661078,1.437924109,0.116640387,0.013663415,1.436428647,0.118759387,0.012603287,1.435027397,0.120908662,
false,1//1,7//15,0.048518149,1.490570619,0.075727917,0.046791223,1.488681782,0.076906337,0.045163593,1.486732167,0.078095371,0.043621718,1.484730949,0.079295424,0.042152057,1.482687305,0.080506900,0.040741069,1.480610410,0.081730206,0.039375213,1.478509441,0.082965745,0.038040947,1.476393573,0.084213924,0.036724732,1.474271983,0.085475146,0.035413026,1.472153846,0.086749818,0.034092288,1.470048339,0.088038345,0.032748976,1.467964636,0.089341130,0.031369714,1.465911830,0.090658601,0.029953795,1.463893471,0.091994161,0.028526775,1.461902724,0.093358815,0.027117987,1.459931422,0.094764872,0.025756763,1.457971399,0.096224638,0.024472171,1.456014605,0.097750339,0.023283219,1.454057219,0.099350859,0.022182422,1.452105594,0.101025119,0.021154055,1.450169062,0.102768720,0.020182359,1.448256965,0.104577250,0.019251580,1.446378647,0.106446297,0.018345958,1.444543450,0.108371448,0.017449737,1.442760717,0.110348293,0.016547161,1.441039791,0.112372417,0.015622471,1.439390014,0.114439411,0.014659911,1.437820729,0.116544861,0.013643724,1.436341279,0.118684356,0.012558152,1.434961007,0.120853483,
false,1//1,8//15,0.048626911,1.490577256,0.075207488,0.046905274,1.488673181,0.076399779,0.045281708,1.486710526,0.077604207,0.043742653,1.484698228,0.078820850,0.042274547,1.482645225,0.080049788,0.040863830,1.480560457,0.081291101,0.039496941,1.478452862,0.082544867,0.038160318,1.476331378,0.083811166,0.036840401,1.474204943,0.085090078,0.035523629,1.472082497,0.086381681,0.034196440,1.469972977,0.087686055,0.032845274,1.467885321,0.089003280,0.031456714,1.465828395,0.090333452,0.030029794,1.463805794,0.091679830,0.028590701,1.461810754,0.093054012,0.027169720,1.459835098,0.094469060,0.025797138,1.457870649,0.095938035,0.024503007,1.455909334,0.097473928,0.023307896,1.453947024,0.099086523,0.022204350,1.451990220,0.100774913,0.021175614,1.450048774,0.102534430,0.020204897,1.448132552,0.104360392,0.019275410,1.446251418,0.106248118,0.018370361,1.444415237,0.108192926,0.017472960,1.442633875,0.110190133,0.016566417,1.440917196,0.112235058,0.015633942,1.439275066,0.114323020,0.014658744,1.437717349,0.116449336,0.013624033,1.436253911,0.118609325,0.012513018,1.434894617,0.120798305,
false,1//1,9//15,0.048735672,1.490583892,0.074687059,0.047019324,1.488664580,0.075893221,0.045399823,1.486688885,0.077113043,0.043863588,1.484665506,0.078346276,0.042397038,1.482603146,0.079592676,0.040986592,1.480510505,0.080851996,0.039618669,1.478396283,0.082123989,0.038279689,1.476269183,0.083408409,0.036956070,1.474137904,0.084705009,0.035634231,1.472011148,0.086013543,0.034300593,1.469897615,0.087333766,0.032941573,1.467806006,0.088665429,0.031543715,1.465744959,0.090008304,0.030105793,1.463718118,0.091365498,0.028654627,1.461718784,0.092749208,0.027221453,1.459738773,0.094173248,0.025837512,1.457769898,0.095651433,0.024533843,1.455804063,0.097197517,0.023332574,1.453836829,0.098822188,0.022226279,1.451874846,0.100524707,0.021197174,1.449928487,0.102300140,0.020227435,1.448008139,0.104143535,0.019299240,1.446124189,0.106049940,0.018394763,1.444287024,0.108014403,0.017496182,1.442507033,0.110031973,0.016585673,1.440794602,0.112097699,0.015645413,1.439160118,0.114206629,0.014657577,1.437613970,0.116353811,0.013604341,1.436166544,0.118534294,0.012467883,1.434828227,0.120743126,
false,1//1,10//15,0.048844434,1.490590528,0.074166630,0.047133375,1.488655979,0.075386663,0.045517938,1.486667243,0.076621878,0.043984523,1.484632785,0.077871703,0.042519528,1.482561067,0.079135564,0.041109353,1.480460552,0.080412891,0.039740397,1.478339705,0.081703111,0.038399059,1.476206988,0.083005651,0.037071739,1.474070864,0.084319940,0.035744834,1.471939798,0.085645406,0.034404745,1.469822253,0.086981476,0.033037871,1.467726691,0.088327579,0.031630715,1.465661523,0.089683155,0.030181793,1.463630441,0.091051167,0.028718553,1.461626814,0.092444405,0.027273186,1.459642448,0.093877436,0.025877886,1.457669148,0.095364830,0.024564679,1.455698792,0.096921106,0.023357251,1.453726635,0.098557852,0.022248207,1.451759473,0.100274501,0.021218733,1.449808200,0.102065850,0.020249973,1.447883725,0.103926677,0.019323070,1.445996959,0.105851761,0.018419166,1.444158811,0.107835880,0.017519405,1.442380190,0.109873814,0.016604930,1.440672007,0.111960340,0.015656883,1.439045170,0.114090238,0.014656409,1.437510590,0.116258286,0.013584650,1.436079176,0.118459263,0.012422749,1.434761838,0.120687947,
false,1//1,11//15,0.048953196,1.490597164,0.073646201,0.047247426,1.488647378,0.074880105,0.045636053,1.486645602,0.076130714,0.044105458,1.484600064,0.077397129,0.042642019,1.482518987,0.078678452,0.041232115,1.480410600,0.079973786,0.039862126,1.478283126,0.081282232,0.038518430,1.476144793,0.082602894,0.037187407,1.474003825,0.083934872,0.035855437,1.471868449,0.085277269,0.034508898,1.469746891,0.086629187,0.033134169,1.467647376,0.087989728,0.031717715,1.465578087,0.089358006,0.030257792,1.463542765,0.090736836,0.028782478,1.461534845,0.092139602,0.027324919,1.459546124,0.093581625,0.025918260,1.457568398,0.095078228,0.024595515,1.455593521,0.096644695,0.023381929,1.453616440,0.098293517,0.022270136,1.451644099,0.100024296,0.021240293,1.449687912,0.101831560,0.020272511,1.447759312,0.103709820,0.019346900,1.445869730,0.105653582,0.018443569,1.444030598,0.107657358,0.017542627,1.442253348,0.109715654,0.016624186,1.440549412,0.111822981,0.015668354,1.438930222,0.113973847,0.014655242,1.437407210,0.116162761,0.013564959,1.435991808,0.118384231,0.012377615,1.434695448,0.120632768,
false,1//1,12//15,0.049061957,1.490603800,0.073125772,0.047361476,1.488638776,0.074373548,0.045754168,1.486623961,0.075639550,0.044226393,1.484567342,0.076922555,0.042764509,1.482476908,0.078221340,0.041354876,1.480360647,0.079534681,0.039983854,1.478226547,0.080861354,0.038637801,1.476082598,0.082200136,0.037303076,1.473936786,0.083549803,0.035966039,1.471797100,0.084909131,0.034613050,1.469671529,0.086276897,0.033230467,1.467568061,0.087651877,0.031804715,1.465494651,0.089032858,0.030333792,1.463455088,0.090422505,0.028846404,1.461442875,0.091834798,0.027376652,1.459449799,0.093285813,0.025958634,1.457467647,0.094791626,0.024626351,1.455488250,0.096368283,0.023406606,1.453506246,0.098029181,0.022292064,1.451528726,0.099774090,0.021261853,1.449567625,0.101597270,0.020295049,1.447634899,0.103492962,0.019370730,1.445742500,0.105455404,0.018467971,1.443902385,0.107478835,0.017565850,1.442126506,0.109557494,0.016643442,1.440426817,0.111685622,0.015679825,1.438815274,0.113857455,0.014654075,1.437303831,0.116067235,0.013545267,1.435904441,0.118309200,0.012332480,1.434629058,0.120577589,
false,1//1,13//15,0.049170719,1.490610436,0.072605343,0.047475527,1.488630175,0.073866990,0.045872284,1.486602320,0.075148386,0.044347328,1.484534621,0.076447982,0.042887000,1.482434829,0.077764228,0.041477638,1.480310694,0.079095576,0.040105582,1.478169969,0.080440476,0.038757171,1.476020402,0.081797379,0.037418745,1.473869746,0.083164734,0.036076642,1.471725751,0.084540994,0.034717203,1.469596167,0.085924608,0.033326766,1.467488746,0.087314027,0.031891716,1.465411216,0.088707709,0.030409791,1.463367411,0.090108174,0.028910330,1.461350905,0.091529995,0.027428385,1.459353475,0.092990001,0.025999009,1.457366897,0.094505023,0.024657186,1.455382979,0.096091872,0.023431284,1.453396051,0.097764846,0.022313992,1.451413352,0.099523884,0.021283412,1.449447338,0.101362981,0.020317587,1.447510485,0.103276105,0.019394560,1.445615271,0.105257225,0.018492374,1.443774172,0.107300312,0.017589072,1.441999663,0.109399335,0.016662699,1.440304223,0.111548262,0.015691296,1.438700327,0.113741064,0.014652907,1.437200451,0.115971710,0.013525576,1.435817073,0.118234169,0.012287346,1.434562668,0.120522411,
false,1//1,14//15,0.049279480,1.490617072,0.072084914,0.047589578,1.488621574,0.073360432,0.045990399,1.486580679,0.074657221,0.044468263,1.484501899,0.075973408,0.043009490,1.482392749,0.077307116,0.041600400,1.480260742,0.078656471,0.040227310,1.478113390,0.080019598,0.038876542,1.475958207,0.081394621,0.037534414,1.473802707,0.082779666,0.036187245,1.471654402,0.084172856,0.034821355,1.469520805,0.085572318,0.033423064,1.467409431,0.086976176,0.031978716,1.465327780,0.088382560,0.030485790,1.463279735,0.089793843,0.028974256,1.461258935,0.091225191,0.027480118,1.459257150,0.092694189,0.026039383,1.457266147,0.094218421,0.024688022,1.455277709,0.095815461,0.023455961,1.453285857,0.097500510,0.022335921,1.451297978,0.099273678,0.021304972,1.449327050,0.101128691,0.020340125,1.447386072,0.103059247,0.019418390,1.445488042,0.105059047,0.018516777,1.443645958,0.107121790,0.017612295,1.441872821,0.109241175,0.016681955,1.440181628,0.111410903,0.015702767,1.438585379,0.113624673,0.014651740,1.437097071,0.115876185,0.013505885,1.435729705,0.118159138,0.012242211,1.434496279,0.120467232,
true,1//1,15//15,0.049388242,1.490623708,0.071564485,0.047703628,1.488612973,0.072853874,0.046108514,1.486559038,0.074166057,0.044589198,1.484469178,0.075498834,0.043131981,1.482350670,0.076850004,0.041723161,1.480210789,0.078217366,0.040349038,1.478056811,0.079598720,0.038995912,1.475896012,0.080991863,0.037650082,1.473735667,0.082394597,0.036297848,1.471583053,0.083804719,0.034925508,1.469445444,0.085220029,0.033519362,1.467330116,0.086638326,0.032065716,1.465244344,0.088057411,0.030561790,1.463192058,0.089479512,0.029038182,1.461166966,0.090920388,0.027531851,1.459160825,0.092398377,0.026079757,1.457165396,0.093931819,0.024718858,1.455172438,0.095539050,0.023480639,1.453175662,0.097236175,0.022357849,1.451182605,0.099023472,0.021326532,1.449206763,0.100894401,0.020362663,1.447261659,0.102842389,0.019442220,1.445360812,0.104860868,0.018541179,1.443517745,0.106943267,0.017635517,1.441745979,0.109083016,0.016701211,1.440059033,0.111273544,0.015714237,1.438470431,0.113508282,0.014650573,1.436993692,0.115780660,0.013486194,1.435642337,0.118084107,0.012197077,1.434429889,0.120412053,
